-- phpMyAdmin SQL Dump
-- version 5.2.0
-- https://www.phpmyadmin.net/
--
-- Host: 127.0.0.1
-- Waktu pembuatan: 24 Des 2022 pada 20.36
-- Versi server: 10.4.27-MariaDB
-- Versi PHP: 8.1.12

SET SQL_MODE = "NO_AUTO_VALUE_ON_ZERO";
START TRANSACTION;
SET time_zone = "+00:00";


/*!40101 SET @OLD_CHARACTER_SET_CLIENT=@@CHARACTER_SET_CLIENT */;
/*!40101 SET @OLD_CHARACTER_SET_RESULTS=@@CHARACTER_SET_RESULTS */;
/*!40101 SET @OLD_COLLATION_CONNECTION=@@COLLATION_CONNECTION */;
/*!40101 SET NAMES utf8mb4 */;

--
-- Database: `finalproject`
--

-- --------------------------------------------------------

--
-- Struktur dari tabel `barang`
--

CREATE TABLE `barang` (
  `id` int(11) NOT NULL,
  `nama` varchar(126) NOT NULL,
  `stok` int(126) NOT NULL,
  `tanggalMasuk` datetime DEFAULT current_timestamp(),
  `tanggalKeluar` datetime DEFAULT NULL,
  `gambar` varchar(126) NOT NULL
) ENGINE=InnoDB DEFAULT CHARSET=utf8mb4 COLLATE=utf8mb4_general_ci;

--
-- Dumping data untuk tabel `barang`
--

INSERT INTO `barang` (`id`, `nama`, `stok`, `tanggalMasuk`, `tanggalKeluar`, `gambar`) VALUES
(1, 'Ban (Michelin)', 200, '2022-12-25 02:06:28', NULL, 'ban_michelin.png'),
(2, 'Ban(Corsa)', 200, '2022-12-25 02:06:39', NULL, 'ban-corsa.png'),
(3, 'Air radiator (Honda)', 200, '2022-12-25 02:06:52', NULL, 'air_radiator-honda.png'),
(4, 'Air radiator(Motul)', 100, '2022-12-25 02:07:36', NULL, 'air-radiator-motul.png'),
(5, 'Aki(Gs astra)', 200, '2022-12-25 02:07:05', NULL, 'aki-gs-astra.png'),
(6, 'Aki(Bosch)', 100, '2022-12-25 02:07:54', NULL, 'aki-bosch.png'),
(7, 'Lampu(M02E)', 100, '2022-12-25 02:08:05', NULL, 'lampu-m02e.png'),
(8, 'Lampu(Tyto)', 100, '2022-12-25 02:08:13', NULL, 'lampu-tyto.png'),
(10, 'Vanbelt(Contitech)', 100, '2022-12-25 02:08:32', NULL, 'vanbelt-contitech.png'),
(11, 'Rantai(SSS)', 100, '2022-12-25 02:08:42', NULL, 'rantai-sss.png'),
(12, 'Rantai(TDR)', 100, '2022-12-25 02:13:40', NULL, 'rantai-tdr.png'),
(13, 'Kampas rem(Honda)', 100, '2022-12-25 02:09:04', NULL, 'rem-honda.png'),
(14, 'Kampas rem(TDR)', 100, '2022-12-25 02:12:43', NULL, 'kampas-rem-tdr.png'),
(15, 'Oli gardan(Shell)', 100, '2022-12-25 02:13:08', NULL, 'oli-gardan-shell.png'),
(16, 'Oli gardan(Enduro)', 100, '2022-12-25 02:13:19', NULL, 'oli-gardan-enduro.png');

-- --------------------------------------------------------

--
-- Struktur dari tabel `users`
--

CREATE TABLE `users` (
  `id` int(99) NOT NULL,
  `username` varchar(50) NOT NULL,
  `email` varchar(50) NOT NULL,
  `password` varchar(255) NOT NULL,
  `role` int(11) DEFAULT NULL
) ENGINE=InnoDB DEFAULT CHARSET=utf8mb4 COLLATE=utf8mb4_general_ci;

--
-- Dumping data untuk tabel `users`
--

INSERT INTO `users` (`id`, `username`, `email`, `password`, `role`) VALUES
(1, 'dcerith0', 'ekapelhof0@bandcamp.com', 'qUnBZqjzv', 3),
(2, 'lgrimm1', 'jvonwelden1@e-recht24.de', 'jVNsUUi', 3),
(3, 'ebatch2', 'dspurdens2@auda.org.au', 'x041NkOj2Srj', 3),
(4, 'udowker3', 'cmeates3@pen.io', 'NRhg3U', 3),
(5, 'ddillistone4', 'mfetter4@usa.gov', 's4YMnX', 3),
(6, 'tbehrend5', 'lpiatkowski5@geocities.jp', 'PEsiCCIv7XP', 3),
(7, 'rambrogi6', 'mholton6@google.cn', 'w9MNatYXH', 3),
(8, 'droubeix7', 'abengal7@wufoo.com', 'jJETA7H', 3),
(9, 'mbowkley8', 'kcattlow8@mlb.com', 'NiR6czvXTT', 3),
(10, 'mbeau9', 'bcordoba9@sakura.ne.jp', 'WxCm0jYXkc38', 3),
(11, 'rjuszczyka', 'abeggsa@technorati.com', 'Zoq9AZ5', 3),
(12, 'lbaldamb', 'vcorbenb@liveinternet.ru', 'PJQwcpSivx', 3),
(13, 'fdowlec', 'ggratrixc@nasa.gov', 'L1wQE3hF', 3),
(14, 'mmccomiskied', 'rmcdermottd@opera.com', 'yK7SQV4o', 3),
(15, 'kboutse', 'amacanultye@usatoday.com', 'beDJuBn', 3),
(16, 'omullyf', 'dpenlingtonf@oracle.com', '8CGnSYTtVE2', 3),
(17, 'dmcgraghg', 'boganiang@google.es', 'I2ZU3Kq', 3),
(18, 'jofiellyh', 'vklausewitzh@amazonaws.com', 'GMuwBTrYYEc4', 3),
(19, 'zarundeli', 'hdibiaggii@devhub.com', 'BDweQCmDxk7', 3),
(20, 'bgillj', 'gmendozaj@is.gd', 'GKMCZR6LGoA', 3),
(21, 'rbonhommek', 'cschwandermannk@unicef.org', '7GRp8CD2Re', 3),
(22, 'slieberl', 'adebnaml@google.com', 'Eo3NWssMui8', 3),
(23, 'ckleingrubm', 'drozenbaumm@dailymotion.com', 'AclsnCLciBB', 3),
(24, 'glintheadn', 'eibeln@comsenz.com', '4pLLvLBgB5', 3),
(25, 'hcockshooto', 'wglantono@canalblog.com', '0lyhFx6OSCcQ', 3),
(26, 'dbiddlep', 'kpinsonp@cloudflare.com', 'aQM8SSc', 3),
(27, 'jallewellq', 'kjouhanq@bloglines.com', 'x9FeXL', 3),
(28, 'acrouxr', 'fdillowayr@craigslist.org', 'YWfvKmXUALy', 3),
(29, 'nteasdalemarkies', 'llaviess@trellian.com', '1QoJ7y', 3),
(30, 'ipolkinghornet', 'ctawnt@smugmug.com', 'UNykygtvXBzx', 3),
(31, 'bbertenshawu', 'scotterrillu@hugedomains.com', 'f8cK9oMAtcq3', 3),
(32, 'omckinnellv', 'hhuikerbyv@51.la', '8jTndGeu0t', 3),
(33, 'tbridgstockw', 'kmichelmorew@prweb.com', 'sr7dABSu', 3),
(34, 'gohenehanx', 'jkeelerx@nasa.gov', 'abzlCytK', 3),
(35, 'hedmensony', 'mbelliveauy@imageshack.us', 'BFtLmR', 3),
(36, 'hparncuttz', 'kissonz@google.cn', 'NB3kTvxf', 3),
(37, 'ayoude10', 'llathleiff10@prnewswire.com', 'oD7NqiDG7AA', 3),
(38, 'acicullo11', 'adakhno11@yellowpages.com', 'NIdWdW', 3),
(39, 'nleeds12', 'ehorsell12@rakuten.co.jp', 'Dt0QlF', 3),
(40, 'cferriere13', 'nrude13@ehow.com', 'K6ORux', 3),
(41, 'ncausnett14', 'abroadis14@friendfeed.com', 'MJKWnY', 3),
(42, 'kvanacci15', 'sthresh15@imageshack.us', 'TnFVD99AUne', 3),
(43, 'hverbeek16', 'tpuddicombe16@netlog.com', 'aJNbevJoIBy', 3),
(44, 'agoodbur17', 'eponte17@cyberchimps.com', 'DF4H90', 3),
(45, 'jmcdugal18', 'ggheorghescu18@hatena.ne.jp', 'fpT4CwKhz', 3),
(46, 'dsmallpeace19', 'oghiraldi19@about.com', 'wO8TT1konF', 3),
(47, 'dgoldsworthy1a', 'lvarey1a@squarespace.com', '2RhO41t', 3),
(48, 'wlain1b', 'gdemer1b@whitehouse.gov', 'IGYLN2UQ', 3),
(49, 'elynch1c', 'kwoodall1c@jalbum.net', 'Fr8OhxkWj', 3),
(50, 'tlansley1d', 'lwindebank1d@flickr.com', 'WQG7aICFz6q', 3),
(51, 'lkislingbury1e', 'rrash1e@ca.gov', '3e6hztQhAJUp', 3),
(52, 'pprattington1f', 'wstrowger1f@google.com', 'RurUTg7fnha', 3),
(53, 'agilhouley1g', 'ckubasek1g@si.edu', '79r1y6V', 3),
(54, 'mhighman1h', 'rfoottit1h@economist.com', 'py2QJxa9vpFx', 3),
(55, 'bnewdick1i', 'wpaddon1i@wikispaces.com', 'TQUeph8AuTqE', 3),
(56, 'rchidzoy1j', 'gdevitt1j@irs.gov', 'Hlfq9jV8lVi', 3),
(57, 'vtacey1k', 'lskouling1k@blinklist.com', 'iXUMonsi9A', 3),
(58, 'syounger1l', 'jweben1l@tuttocitta.it', 'geMb0kkxc2J', 3),
(59, 'fgillogley1m', 'oharle1m@japanpost.jp', 'Pckk36wbJ8', 3),
(60, 'cstyant1n', 'vskipsea1n@yandex.ru', '7tNQPzlV8', 3),
(61, 'tloadsman1o', 'vbushen1o@facebook.com', 'GygGiHvJf', 3),
(62, 'cfaulconbridge1p', 'mdouglass1p@smh.com.au', 'BfYlr5yr0zzC', 3),
(63, 'dflohard1q', 'zscurr1q@businesswire.com', 'C6JN5of', 3),
(64, 'bsantos1r', 'rbruty1r@ow.ly', '9HIC3tKo', 3),
(65, 'dbinton1s', 'bmeffin1s@xrea.com', 'V1WIdFENX', 3),
(66, 'jswayne1t', 'gsmeed1t@yolasite.com', 'IMr8e7WsEeu', 3),
(67, 'cwalter1u', 'bmorse1u@ucoz.com', 'ERi4OV', 3),
(68, 'kvan1v', 'hdeignan1v@go.com', '9WM4gngUL', 3),
(69, 'mbrierly1w', 'scove1w@dion.ne.jp', 's5Ng14H3p', 3),
(70, 'morgee1x', 'vlefleming1x@sourceforge.net', 'i6tmYgK', 3),
(71, 'fpeasegood1y', 'sblunsom1y@gizmodo.com', '4oNRVV1K', 3),
(72, 'bberthon1z', 'amessenger1z@samsung.com', 'Zp3wPZgnik5', 3),
(73, 'cmessenbird20', 'mleavold20@list-manage.com', 'CSWefyXjzwR', 3),
(74, 'msillick21', 'mnapleton21@wikimedia.org', '0dNJOZ1pvr', 3),
(75, 'roliveras22', 'mstaning22@pcworld.com', '7n2KID', 3),
(76, 'jcomettoi23', 'garnaez23@smh.com.au', 'yJb5Dv', 3),
(77, 'tranfield24', 'byashanov24@hud.gov', 'kFUytC', 3),
(78, 'bburril25', 'csharram25@narod.ru', 'N3jl7vgQUJ6', 3),
(79, 'sburnall26', 'cwhitman26@biblegateway.com', 'hOKmcSBLXb', 3),
(80, 'gelt27', 'mbroxis27@bloglovin.com', 'W8AQEF', 3),
(81, 'amatuskiewicz28', 'ctidman28@infoseek.co.jp', 'Dpc1jRKt1', 3),
(82, 'lgreggor29', 'fcheshire29@t-online.de', 'sNIhlzPIvA', 3),
(83, 'bdyson2a', 'rvido2a@joomla.org', 'OvqhPiFMd', 3),
(84, 'cahlf2b', 'afallanche2b@phoca.cz', 'L38JZu', 3),
(85, 'ddrogan2c', 'lsunderland2c@goo.ne.jp', 'SpnClGA4', 3),
(86, 'apeers2d', 'lmeekings2d@fda.gov', 'Xf6OJIoc', 3),
(87, 'tyoutead2e', 'qyellowlees2e@simplemachines.org', 'mqASi78', 3),
(88, 'dhamblett2f', 'wpetracek2f@slideshare.net', '4lGvkY', 3),
(89, 'rrosenwasser2g', 'slattka2g@wordpress.com', 'AtmxyLId5Q', 3),
(90, 'mdunthorn2h', 'cfrenzel2h@google.ru', 'AGJyhcELe', 3),
(91, 'ldeandisie2i', 'mwooderson2i@indiatimes.com', 'u1oAS9g', 3),
(92, 'edumphy2j', 'cfranceschino2j@1688.com', 'ZyNNQYN', 3),
(93, 'djillions2k', 'epozzo2k@yellowpages.com', 'Nqss1t', 3),
(94, 'lhuyche2l', 'wchippin2l@wikipedia.org', 'wrTbRfdSPP', 3),
(95, 'asalvati2m', 'rtheobalds2m@hp.com', 'UUpDCB', 3),
(96, 'amaddin2n', 'obrodie2n@google.pl', '7144Z8', 3),
(97, 'ehalahan2o', 'nlenden2o@bbc.co.uk', 'BU8VIMHn', 3),
(98, 'ddodle2p', 'croon2p@wikia.com', 'ti84rHQkp', 3),
(99, 'bdoulton2q', 'msnipe2q@buzzfeed.com', 'PY6iOlxK', 3),
(100, 'smarshall2r', 'gholbarrow2r@drupal.org', 'i6qrqVozz02u', 3),
(101, 'bblakely2s', 'mtamlett2s@oracle.com', 'WsJiIqH', 3),
(102, 'cnilges2t', 'npraill2t@icio.us', 'z2mSz2Nz', 3),
(103, 'nmccomiskie2u', 'wderoche2u@home.pl', 'UAtvKtQxV', 3),
(104, 'cohingerty2v', 'btraynor2v@blinklist.com', '7ptxF0b', 3),
(105, 'ebille2w', 'jgewer2w@gmpg.org', 'cvyGmOdfk', 3),
(106, 'avasenkov2x', 'mclewett2x@prweb.com', 'OVHq3IZB', 3),
(107, 'mdoohan2y', 'ablethin2y@marketwatch.com', 'r94rgNsc', 3),
(108, 'kalenichicov2z', 'gremington2z@salon.com', '9fT23WEHB', 3),
(109, 'mmelan30', 'gbatiste30@so-net.ne.jp', 'ENrkku1', 3),
(110, 'hrippingall31', 'uwinkworth31@ycombinator.com', '4EPPaVfSc', 3),
(111, 'pgittus32', 'rpallant32@opensource.org', 'zr2en8y1', 3),
(112, 'jalyokhin33', 'cmolan33@topsy.com', 'qBeTAB0E', 3),
(113, 'scogle34', 'rbastard34@angelfire.com', 'FtUUHS', 3),
(114, 'amadgwick35', 'asetter35@blogtalkradio.com', 'k0JiZl', 3),
(115, 'mmcneil36', 'qmcilharga36@google.com.hk', 'fVSic6', 3),
(116, 'ahackleton37', 'cshowler37@cocolog-nifty.com', 'WqvuDQ', 3),
(117, 'ksweatland38', 'mkolinsky38@indiegogo.com', 'XC3nah8xy', 3),
(118, 'jdobbs39', 'olatorre39@ning.com', 'IfyjTsF7o', 3),
(119, 'cjasik3a', 'cgilcrist3a@deliciousdays.com', 'cWasOiMejN', 3),
(120, 'mdenny3b', 'btredget3b@odnoklassniki.ru', 'W1j1vPiuawu', 3),
(121, 'bgowrich3c', 'aaylott3c@wired.com', 'ZgfjiL0zjxRE', 3),
(122, 'bdillimore3d', 'eratray3d@sun.com', 'QmPgASsVklN6', 3),
(123, 'pmattusevich3e', 'tturland3e@reddit.com', '6CloYq', 3),
(124, 'sskedgell3f', 'tdupre3f@live.com', 'yYeI2er', 3),
(125, 'dtabord3g', 'jgeharke3g@istockphoto.com', '21srbGdhDHOR', 3),
(126, 'aboas3h', 'wbruckner3h@latimes.com', '22FCQDdRFO', 3),
(127, 'mchilders3i', 'mrentilll3i@prweb.com', 'j4DXttXCY', 3),
(128, 'rdevine3j', 'tthibodeaux3j@biglobe.ne.jp', 'gtF9b7S2rNpj', 3),
(129, 'pschultheiss3k', 'ppoolton3k@wired.com', 'cQMWUN', 3),
(130, 'cmcreynolds3l', 'cshoppee3l@wikia.com', 'V9bHUbJ0QHnm', 3),
(131, 'dbrunnstein3m', 'grymmer3m@mail.ru', '8yXWWN', 3),
(132, 'mdavidowsky3n', 'ccoomber3n@ucoz.ru', 'CnwC0Dwp2i1w', 3),
(133, 'alimming3o', 'smccandie3o@google.com.hk', 'jOPbRS', 3),
(134, 'scurnow3p', 'ttinan3p@dyndns.org', 'TUjpzIq0Mtni', 3),
(135, 'jvescovini3q', 'ekilrow3q@youku.com', 'Rohbh3o', 3),
(136, 'bstainburn3r', 'trate3r@chron.com', 'dQ63sWw', 3),
(137, 'ahorley3s', 'rpeddersen3s@mozilla.com', 'VPwMEHgjOv', 3),
(138, 'cfrigot3t', 'mgladdis3t@nymag.com', 'mE6MdovQ7qa', 3),
(139, 'tkelling3u', 'rflinn3u@omniture.com', 'xnILwEyk1', 3),
(140, 'grigge3v', 'bpiwell3v@bbc.co.uk', 'nfBANeuRaois', 3),
(141, 'ftarren3w', 'sleyden3w@thetimes.co.uk', 'zLZEOty', 3),
(142, 'fhusthwaite3x', 'emcdade3x@i2i.jp', 'GFFY4gblq', 3),
(143, 'hkinforth3y', 'vrickersey3y@weebly.com', 'yYYHLaXLj', 3),
(144, 'eragate3z', 'sfarrington3z@symantec.com', 'nZ78uobEVwQ', 3),
(145, 'ccreelman40', 'svaune40@sakura.ne.jp', 'nmI2Vw', 3),
(146, 'mniles41', 'swodham41@lulu.com', 'NkF9bNg', 3),
(147, 'irash42', 'agurg42@umn.edu', 'mJOcKNx', 3),
(148, 'ecortes43', 'clidyard43@ted.com', 'uWw5E6fYid', 3),
(149, 'mharty44', 'maronson44@t-online.de', 'e9lxhoDyw', 3),
(150, 'rcurr45', 'eantal45@biglobe.ne.jp', 'zuHMz7luH', 3),
(151, 'fjencken46', 'cbritt46@pinterest.com', 'EeSKIsrof2X', 3),
(152, 'odelmonti47', 'bpiscopo47@surveymonkey.com', 'iPcryPzLjPC', 3),
(153, 'pschutt48', 'scane48@com.com', 'oIfYFMOkXZ', 3),
(154, 'ndyde49', 'stwitchings49@wix.com', 'FIxhARl3g', 3),
(155, 'emeindl4a', 'landrich4a@nbcnews.com', 'gUHr1EC0d', 3),
(156, 'lmarushak4b', 'omcparlin4b@nps.gov', 'cOIk1j6AzK', 3),
(157, 'bsatch4c', 'jbrunroth4c@meetup.com', 'SCansUGjx5H', 3),
(158, 'smacuchadair4d', 'blutsch4d@globo.com', 'dYsQw201', 3),
(159, 'laucutt4e', 'tcottill4e@scientificamerican.com', 'bQhTZFbhB', 3),
(160, 'vcoalburn4f', 'kmaffi4f@icq.com', 'RVqnJEJyaHE3', 3),
(161, 'rbritney4g', 'fdahlbom4g@mit.edu', 'zH4rcOqRLvKj', 3),
(162, 'corrin4h', 'cpeggrem4h@patch.com', 'wBdSrhHt9', 3),
(163, 'dculbert4i', 'cgowdie4i@phoca.cz', 'jD4fpfJMs', 3),
(164, 'lkubicki4j', 'dsherrett4j@technorati.com', 'rMufyUGwc4ZJ', 3),
(165, 'jpaunsford4k', 'rlente4k@google.co.jp', '0q35QQ', 3),
(166, 'sburles4l', 'flumby4l@lulu.com', 'Wx5z63JtYsY3', 3),
(167, 'cwestover4m', 'lmacshane4m@va.gov', 'YqguBJ28q3', 3),
(168, 'cstanney4n', 'asnodden4n@google.com.hk', 'uun1J1YcE', 3),
(169, 'cdonnett4o', 'ahoys4o@artisteer.com', 'xOczqc', 3),
(170, 'bjojic4p', 'mdorsay4p@360.cn', 'szJUEqC7', 3),
(171, 'rmcavin4q', 'gboyall4q@amazon.co.jp', 'qlijNyw6', 3),
(172, 'vpautot4r', 'vhawse4r@cocolog-nifty.com', 'Fekxg2mu4LD', 3),
(173, 'sgunthorp4s', 'mlegier4s@cisco.com', 'BbCU7vHAoj', 3),
(174, 'gattwill4t', 'lmuffin4t@cloudflare.com', 'jKxp3LtF5UN', 3),
(175, 'rshavel4u', 'csalan4u@youtube.com', 'iSOgxNWqt', 3),
(176, 'lbleas4v', 'snand4v@1und1.de', 'zOyGg67k', 3),
(177, 'mmacallen4w', 'efilyukov4w@google.es', 'ggOkFXxV', 3),
(178, 'mmeco4x', 'kmonckman4x@woothemes.com', 'EnHpYWq', 3),
(179, 'jblandamere4y', 'dbustard4y@msn.com', 'GtwyCy', 3),
(180, 'bcastello4z', 'tdives4z@fda.gov', 'ZRagXgF7uaxm', 3),
(181, 'mchristley50', 'cadshede50@ucoz.com', 'yD5SAeSGBc', 3),
(182, 'rscroggie51', 'umckoy51@hugedomains.com', 'DvRqK9RvHTc', 3),
(183, 'pfinnigan52', 'hhydes52@businessinsider.com', 'jAgp3qv4WRRw', 3),
(184, 'mpatshull53', 'rmacallaster53@indiatimes.com', 'YsYSaQG57US', 3),
(185, 'bpo54', 'dchamney54@loc.gov', '9i4Wclh6BZ', 3),
(186, 'cantoney55', 'cagdahl55@engadget.com', 'Pp15SpYA', 3),
(187, 'tmccathie56', 'tcornil56@yelp.com', 'taNox1', 3),
(188, 'hfilyashin57', 'acurd57@msu.edu', 'uUA4THzqNdnK', 3),
(189, 'tfaich58', 'chymus58@plala.or.jp', 'DYpzLJ', 3),
(190, 'ekhosa59', 'tsaltsberg59@privacy.gov.au', 'sQfOAA1yn1', 3),
(191, 'gberka5a', 'lfroment5a@networkadvertising.org', 'ZqBo8NHisuT', 3),
(192, 'geddoes5b', 'aroffe5b@last.fm', 'nYMj0Yfegd3', 3),
(193, 'dnuth5c', 'sdean5c@flickr.com', 'VrdiU5rFEG', 3),
(194, 'mgerger5d', 'vodonohue5d@yahoo.com', 'ikIBwdc', 3),
(195, 'cdomerque5e', 'nroast5e@about.me', 'CHVjttZHUCK', 3),
(196, 'dproven5f', 'mrudgard5f@goodreads.com', 't6oe2KE', 3),
(197, 'nmitchelhill5g', 'acrasswell5g@sogou.com', 'ij0Izatc', 3),
(198, 'dmeddemmen5h', 'lducker5h@cnn.com', 'qZDKOkP', 3),
(199, 'mtaffurelli5i', 'aborham5i@nationalgeographic.com', 'a1g4O8', 3),
(200, 'gwhetton5j', 'ischistl5j@php.net', 'AwvZmZFnP6', 3),
(201, 'mlawee5k', 'cgladdolph5k@pinterest.com', '83eEUTj', 3),
(202, 'kbennoe5l', 'cmourant5l@discovery.com', '9G6swn5h2', 3),
(203, 'tstuther5m', 'npellington5m@adobe.com', 'DZLUGuq4', 3),
(204, 'bechelle5n', 'ahowden5n@pbs.org', 'lMedq3Hq', 3),
(205, 'mflatman5o', 'cbalma5o@cbslocal.com', 'zTgDCCq20Y', 3),
(206, 'djantel5p', 'scaulwell5p@list-manage.com', 'H4E3S9X', 3),
(207, 'bhebbes5q', 'bbendtsen5q@xinhuanet.com', 'TmkUz4htp1M', 3),
(208, 'kandreassen5r', 'bfilipponi5r@digg.com', '5o6rIP5', 3),
(209, 'cmurt5s', 'frosedale5s@altervista.org', 'AbSymfTHPPfE', 3),
(210, 'cquarry5t', 'acrosfeld5t@1688.com', 'ddEnaFNap', 3),
(211, 'gmcmearty5u', 'nmenelaws5u@irs.gov', 'b5IXRWUVi', 3),
(212, 'adillet5v', 'pharman5v@omniture.com', 'fmZCn6fnKn', 3),
(213, 'lbassom5w', 'erichford5w@pcworld.com', 'QrqWb0', 3),
(214, 'strundell5x', 'dclouter5x@issuu.com', 'slzn7VZ4iRk7', 3),
(215, 'ghugin5y', 'leagers5y@ft.com', '1jpH3pTIWE', 3),
(216, 'owordsworth5z', 'wbullivent5z@eventbrite.com', 'Ocv8suEP', 3),
(217, 'wduthie60', 'njeffes60@hatena.ne.jp', 'UVqGeD6X3Awb', 3),
(218, 'ckippax61', 'pfookes61@ftc.gov', 'mXVjCVVj0FA', 3),
(219, 'dthunnercliff62', 'fkares62@wordpress.org', 'mwD6kV2JcZNQ', 3),
(220, 'mindgs63', 'dcrates63@deviantart.com', 'aiZbDjG4OFFK', 3),
(221, 'mbelfit64', 'egorusso64@guardian.co.uk', 'HwxFG8F7VdlA', 3),
(222, 'nbartosiak65', 'rferre65@g.co', 'ausRvVDz2O', 3),
(223, 'galvarado66', 'tdollimore66@simplemachines.org', 'N5Be6WbC0R8', 3),
(224, 'rmakiver67', 'ochecketts67@hao123.com', 'Mek92L', 3),
(225, 'snary68', 'cdinsey68@huffingtonpost.com', 'lKjoJJc', 3),
(226, 'njansky69', 'wlaxton69@diigo.com', 'CMKeaOPM', 3),
(227, 'hebbitt6a', 'kgosart6a@twitter.com', 'bvSnidrE', 3),
(228, 'gcousin6b', 'mbossel6b@friendfeed.com', '2GpC3BkwHyru', 3),
(229, 'lhoston6c', 'kspores6c@cdc.gov', 'alBpgM6I', 3),
(230, 'lksandra6d', 'jburton6d@google.pl', 'TucujNFBFK', 3),
(231, 'kbrugger6e', 'gbetty6e@spiegel.de', 'vXcWb7lV', 3),
(232, 'dhamner6f', 'dgehricke6f@ocn.ne.jp', 'BLNA2OTnp', 3),
(233, 'fhoffman6g', 'bdansken6g@house.gov', 'gf47wsFQq6', 3),
(234, 'mmushett6h', 'bmccuis6h@sbwire.com', 'dO3REMf', 3),
(235, 'sshanley6i', 'astammer6i@princeton.edu', '0aVvQDWiC0', 3),
(236, 'mgosdin6j', 'ecawthera6j@wordpress.com', 'JPV2qDmK', 3),
(237, 'kgabbitis6k', 'rwoolmer6k@wiley.com', 'LcVHxYkCn7ML', 3),
(238, 'bmckinnell6l', 'aprettyjohns6l@newyorker.com', 'hMQewLrU', 3),
(239, 'fadne6m', 'bboatwright6m@mapy.cz', 'QCNxIWb4', 3),
(240, 'lgrassot6n', 'rmaylour6n@acquirethisname.com', 'DR0osY5u', 3),
(241, 'gthomassin6o', 'palmack6o@google.it', 'EuXz3iOiHJKj', 3),
(242, 'mcazalet6p', 'slevin6p@prnewswire.com', 'DSJhLdS49E', 3),
(243, 'bgohn6q', 'nwoodlands6q@princeton.edu', '4h7lZ9BQ16', 3),
(244, 'dblakebrough6r', 'smothersdale6r@marriott.com', '9RiPg2rpXtOV', 3),
(245, 'aadamovitch6s', 'gdaintry6s@wordpress.com', '8rgatGxxsb6', 3),
(246, 'jjaskiewicz6t', 'bemlin6t@youku.com', 'wf5Nlt5Na', 3),
(247, 'rcostan6u', 'tmidgley6u@bizjournals.com', 'Zlr2Pl', 3),
(248, 'okenton6v', 'afahey6v@moonfruit.com', 'WVGUvJ', 3),
(249, 'gdinsey6w', 'acarne6w@dedecms.com', '2hUGzfEk5n', 3),
(250, 'bbrigham6x', 'bpettiward6x@cmu.edu', 'ux3BO4B', 3),
(251, 'tbarwood6y', 'jsharplin6y@umich.edu', 'krXPJ5g5OXE', 3),
(252, 'osandy6z', 'bcurds6z@nasa.gov', 'qrKCVLCBs', 3),
(253, 'jevens70', 'drupert70@theguardian.com', 'Jm33OpedIwbq', 3),
(254, 'aweddeburn71', 'crandalson71@bing.com', 'QLu6KjG6m', 3),
(255, 'bikin72', 'rfranceschielli72@g.co', '9OADl1l70K5W', 3),
(256, 'shambling73', 'rwoolway73@huffingtonpost.com', 'UQPSrCJy4', 3),
(257, 'slakenton74', 'dtrueman74@shop-pro.jp', '70QNBA', 3),
(258, 'mcoultous75', 'nlicciardiello75@webnode.com', 'wnTvVCbDB6', 3),
(259, 'sstonier76', 'maldiss76@redcross.org', '4iaq0kunb', 3),
(260, 'tmcamish77', 'rcorrin77@slideshare.net', 'g9UGIPt', 3),
(261, 'mkid78', 'lturri78@vistaprint.com', 'QfhRiAPdG3PY', 3),
(262, 'nbolt79', 'bkisby79@about.com', 'lnN3z3VxjAM', 3),
(263, 'lhillen7a', 'jnarraway7a@fema.gov', 'ZfyLd9o7SMs', 3),
(264, 'erenault7b', 'mhourahan7b@blogs.com', 'otrYaPM', 3),
(265, 'hausher7c', 'rsimkiss7c@house.gov', 'Mh6l5VFI', 3),
(266, 'hmcneilly7d', 'lanstee7d@stumbleupon.com', 'vPmNEM', 3),
(267, 'wsmorfit7e', 'qwoodruffe7e@walmart.com', 'ukPlHr2Bh', 3),
(268, 'vfearne7f', 'dharnell7f@constantcontact.com', 'LReY7VL3G8M', 3),
(269, 'awigglesworth7g', 'hgokes7g@mysql.com', 'eFE8ZBoxa', 3),
(270, 'rbettleson7h', 'ctrime7h@goo.gl', 'BGwIoo7', 3),
(271, 'jstaten7i', 'rbastick7i@globo.com', 'YsE1kMefv', 3),
(272, 'gfenkel7j', 'olygo7j@ycombinator.com', 'n8ZVQBYK', 3),
(273, 'tglidden7k', 'clyle7k@wiley.com', '0ZIi3zZSOH', 3),
(274, 'bcoytes7l', 'bradborn7l@unblog.fr', '6qVvK5g79z', 3),
(275, 'thooks7m', 'sraycroft7m@yellowbook.com', 'Bfz3shrRfdO', 3),
(276, 'mcotillard7n', 'dcurnucke7n@addthis.com', '1n9j1eb', 3),
(277, 'gilles7o', 'pstearn7o@fastcompany.com', 'rgPw6RZsuWt', 3),
(278, 'mmelson7p', 'cguillard7p@ucoz.com', 'It3TOX6P', 3),
(279, 'bmcgougan7q', 'sveltman7q@cbslocal.com', 'oehqoetgvzV', 3),
(280, 'ryanukhin7r', 'inoddle7r@scribd.com', 'fv9sOx7G', 3),
(281, 'emeenehan7s', 'fbrend7s@surveymonkey.com', 'DkIA9pZ', 3),
(282, 'tsteagall7t', 'babbots7t@vimeo.com', 'ODDJexowrZ', 3),
(283, 'cbugbee7u', 'pdundridge7u@diigo.com', 'M5BAkp8', 3),
(284, 'tmacconnulty7v', 'lcohani7v@ebay.co.uk', 'fJeHpZm', 3),
(285, 'dwiddicombe7w', 'tblewitt7w@blogspot.com', 'LknF9kEy', 3),
(286, 'afassum7x', 'ssmallacombe7x@admin.ch', 'DbnHBivM4gD', 3),
(287, 'lbreddy7y', 'freason7y@apple.com', 'Mb0hykf', 3),
(288, 'lretchford7z', 'isnodden7z@yolasite.com', 'rNgOrGGET4', 3),
(289, 'rfarfull80', 'opanner80@miibeian.gov.cn', 'gqVEst9', 3),
(290, 'kcoldbreath81', 'etrowler81@ted.com', 'w3mPDJLXV', 3),
(291, 'tmynott82', 'lgriffitt82@fc2.com', '7y3tIFof', 3),
(292, 'elovelock83', 'awhooley83@wunderground.com', 'cKba36P', 3),
(293, 'jthorndycraft84', 'asheriff84@bloglines.com', 'SNxezFGQ', 3),
(294, 'slever85', 'ffeely85@bluehost.com', 'g6I7tTn', 3),
(295, 'twewell86', 'tpontin86@aboutads.info', 'aBGwanRhe', 3),
(296, 'sslemmonds87', 'fvelez87@chron.com', 'MW4Q5r3', 3),
(297, 'dbootes88', 'rfluit88@epa.gov', 'QLkPneWc', 3),
(298, 'bcarnew89', 'gmundford89@nbcnews.com', '8tVwmiS', 3),
(299, 'tshillito8a', 'jangrove8a@marriott.com', 'xxkSfvK1e', 3),
(300, 'agoodlake8b', 'sweddell8b@elpais.com', 'Zizbmu5qKuX', 3),
(301, 'gtheobold8c', 'asmouten8c@rambler.ru', 'DN0CERPN6sq', 3),
(302, 'bmatovic8d', 'cpock8d@unicef.org', 'u87Mr5QP', 3),
(303, 'zblaxland8e', 'fschulze8e@pagesperso-orange.fr', 'mjk0vg', 3),
(304, 'yguerrin8f', 'shugonet8f@symantec.com', 'GVRn4fJUFv', 3),
(305, 'nlipscombe8g', 'tgosker8g@berkeley.edu', '6F7Dx0y', 3),
(306, 'jmcareavey8h', 'swatting8h@prweb.com', 'MulwQbvYo', 3),
(307, 'wrassell8i', 'llissandre8i@jiathis.com', 'qlziTjp1CBE', 3),
(308, 'cpryer8j', 'nlambird8j@engadget.com', '0M0sozt8QOBj', 3),
(309, 'mgilardone8k', 'mkohtler8k@phoca.cz', '6y6wYpb4K', 3),
(310, 'amcnamara8l', 'hrunciman8l@webs.com', 'NS2dcGr3Xu', 3),
(311, 'mdecristofalo8m', 'fcavy8m@scientificamerican.com', 'EDIzCGvW58', 3),
(312, 'bworham8n', 'skeightley8n@umich.edu', '1b9DfNKILCYM', 3),
(313, 'croland8o', 'grainard8o@networkadvertising.org', 'bshsaPEjnFYg', 3),
(314, 'afickling8p', 'sewles8p@harvard.edu', 'V3O4HlW', 3),
(315, 'bgillings8q', 'ghillitt8q@patch.com', 'Cpa7Tx', 3),
(316, 'rmccracken8r', 'jbrill8r@shareasale.com', 'G5ojiInr4L8s', 3),
(317, 'jjudd8s', 'dmccarly8s@people.com.cn', '0r3oJtCrW', 3),
(318, 'ccocke8t', 'mbraferton8t@google.com.br', 'xVnUwo21hzeu', 3),
(319, 'kduggary8u', 'ckidman8u@prnewswire.com', 'DJsJJA', 3),
(320, 'dramsden8v', 'scesaric8v@seattletimes.com', 'fSQR0fjHEmvg', 3),
(321, 'gsymington8w', 'jyurmanovev8w@blogtalkradio.com', '5fSRTQzXf', 3),
(322, 'rgarahan8x', 'bguilayn8x@sciencedaily.com', 'e8bukrSS', 3),
(323, 'hyankov8y', 'bgreenley8y@tripadvisor.com', 's4DFIQKW1h', 3),
(324, 'rgianelli8z', 'kbaron8z@hibu.com', 'R5krUKREP', 3),
(325, 'cmassard90', 'kpellamonuten90@ifeng.com', 'NXjghmaW5G4', 3),
(326, 'psillito91', 'jschrinel91@homestead.com', 'DCFeXoe36k3', 3),
(327, 'kwroe92', 'sduesbury92@cam.ac.uk', 'mXZ859', 3),
(328, 'hsplaven93', 'tblythe93@nbcnews.com', 'YTvIwu99i', 3),
(329, 'kattew94', 'zmolian94@nationalgeographic.com', 'F6H0WozJp', 3),
(330, 'tlobbe95', 'akaes95@joomla.org', 'TaDVHW0Rix', 3),
(331, 'bkeble96', 'adalesco96@liveinternet.ru', 'BIEOlFDRx1z', 3),
(332, 'svonasek97', 'lbiddulph97@linkedin.com', 'rn92Ue0GOqzr', 3),
(333, 'fdarter98', 'rhedon98@1688.com', 'Ug92rCa', 3),
(334, 'hirving99', 'rbavridge99@wiley.com', 'bYHQQI8E', 3),
(335, 'kderrington9a', 'scainey9a@tumblr.com', '8sbEbo0', 3),
(336, 'vsoeiro9b', 'chatliff9b@archive.org', 'AEhuTXhLXX', 3),
(337, 'rshewon9c', 'rdumbelton9c@privacy.gov.au', 'fHYMnzB', 3),
(338, 'smenichi9d', 'mlooker9d@csmonitor.com', 'qFtOfpNLCcxj', 3),
(339, 'efull9e', 'ivido9e@pinterest.com', 'b6i9DV', 3),
(340, 'alaytham9f', 'kmetzel9f@goo.ne.jp', 'ruMFBFjyclcS', 3),
(341, 'hengley9g', 'jgamble9g@amazon.de', 'va5V7mE', 3),
(342, 'pjanecek9h', 'pdunne9h@a8.net', 'dJKmgv', 3),
(343, 'ispitell9i', 'fredd9i@unc.edu', '12R82omF', 3),
(344, 'jjubb9j', 'omoreno9j@nba.com', 'qPzix8Jykrk', 3),
(345, 'kwingrove9k', 'bbaldrey9k@unblog.fr', 'DSBrrf0U', 3),
(346, 'kcasper9l', 'ysteketee9l@mashable.com', 'CXLIrdnpnfXS', 3),
(347, 'bmcclaughlin9m', 'bswannie9m@tuttocitta.it', 'wOf15hlA0nDK', 3),
(348, 'smcgucken9n', 'klobe9n@upenn.edu', 'zv4JJMZ8I', 3),
(349, 'lriccioppo9o', 'nellaway9o@amazon.co.jp', 'ZuagaIO', 3),
(350, 'gfrodsham9p', 'bbowshire9p@xing.com', 'fyq1sBprqC2H', 3),
(351, 'wgaratty9q', 'gorrill9q@adobe.com', 'wiwF9Vai', 3),
(352, 'nleport9r', 'whallbird9r@i2i.jp', 'pyTwhIiBw', 3),
(353, 'rbunning9s', 'mkarolyi9s@xrea.com', 'o5LC2yipV', 3),
(354, 'ecaird9t', 'drumgay9t@about.com', 'RVs5rAWI', 3),
(355, 'cfearney9u', 'rkwietak9u@stumbleupon.com', 'm1EbpmJB', 3),
(356, 'pwitherbed9v', 'tilyenko9v@timesonline.co.uk', 'PaswtEpCHo', 3),
(357, 'csawers9w', 'flory9w@wikia.com', '5gKsyHDpR1', 3),
(358, 'mborgars9x', 'gdavidovitz9x@biglobe.ne.jp', 'c0TlffUC', 3),
(359, 'eruvel9y', 'ryanshin9y@va.gov', 'JRTQEtDXRQD', 3),
(360, 'sdurham9z', 'carundel9z@wunderground.com', '6Id2su6m', 3),
(361, 'jmatthaia0', 'ravramova0@seattletimes.com', 'WAM1fvPaqAE', 3),
(362, 'hbecarisa1', 'bwenmana1@indiegogo.com', 'yp7KVSj5QR9h', 3),
(363, 'fwaggitta2', 'tbentincka2@amazon.com', 'L3vi9jxdo', 3),
(364, 'gthynna3', 'atrooda3@yolasite.com', 'W0PPpfG', 3),
(365, 'bclingoea4', 'vcaldecutta4@gov.uk', 'BVhb9Or', 3),
(366, 'fvyvyana5', 'aaarona5@vistaprint.com', 'QTk57Q62Xg', 3),
(367, 'paindraisa6', 'ngrzeszczyka6@opera.com', 'XdVHJUV', 3),
(368, 'cechalliea7', 'lepgravea7@reference.com', 'MAbxXIS', 3),
(369, 'sfarrancea8', 'nlowesa8@prlog.org', 'QXsShO0P4yM', 3),
(370, 'fhuarda9', 'fgoodhewa9@example.com', 'Ss7iaqUIapeT', 3),
(371, 'reliotaa', 'kvanderbruggeaa@stumbleupon.com', 'h9iqVEL9UGy', 3),
(372, 'closekeab', 'tpetrab@paginegialle.it', '0yH4scS', 3),
(373, 'dawinac', 'ksimpkinac@privacy.gov.au', '2AyH3j2', 3),
(374, 'dkiendlad', 'chaugerad@issuu.com', '27hmYUX', 3),
(375, 'tjirickaae', 'tmaturaae@drupal.org', 'z3JODz', 3),
(376, 'cbuxceyaf', 'fdunkerleyaf@bravesites.com', 'Oa6tnHM', 3),
(377, 'nhammillag', 'alomazag@yolasite.com', 'gptRHN3', 3),
(378, 'aescaleah', 'jrabsonah@techcrunch.com', 'BnUu42gw7x', 3),
(379, 'vfranciskiewiczai', 'eladsonai@mozilla.com', 'yIyVXeyI', 3),
(380, 'bstoreraj', 'jskinleyaj@wordpress.com', 'e6J3Cp3mw2qc', 3),
(381, 'crosemanak', 'opailinak@hc360.com', '3A0LzoV', 3),
(382, 'gstickinsal', 'bohartaganal@adobe.com', 'YallKKRGsjiM', 3),
(383, 'cwestollam', 'qsmallam@nsw.gov.au', 'g2z4qt4aX', 3),
(384, 'mkenwrightan', 'bpeekan@jigsy.com', 'H9mwSf', 3),
(385, 'bschabenao', 'cvandenboschao@newyorker.com', 'XZJh07zBZb', 3),
(386, 'kzanolliap', 'fpalkap@arstechnica.com', '6SELE8BdP', 3),
(387, 'badamovskyaq', 'cdoumicaq@boston.com', 'RHYiL0HBZ0', 3),
(388, 'ldecentar', 'omakeyar@comsenz.com', 'rMeKanXAgIjc', 3),
(389, 'aburkinshawas', 'cnorledgeas@istockphoto.com', 'mNcbPm', 3),
(390, 'rdunphieat', 'rclayfieldat@yahoo.co.jp', 'yblE5INy', 3),
(391, 'dbrutyau', 'bebornau@xinhuanet.com', 'vdI0Bibj8O', 3),
(392, 'kmackennyav', 'hslingerav@altervista.org', 'm6Ic0QLhRto', 3),
(393, 'wsexceyaw', 'jtitcomaw@bloglovin.com', 'jI6RlzJta', 3),
(394, 'knowellax', 'kpicknettax@sohu.com', '7GyZZoR1W', 3),
(395, 'nvanderwaltay', 'rbrimmingay@ox.ac.uk', 'iGbDlIIA9bjO', 3),
(396, 'carpinaz', 'jkeavyaz@uol.com.br', 'bRqpb1ejvYD', 3),
(397, 'fsaltsbergb0', 'aconrathb0@technorati.com', 'v19ARG', 3),
(398, 'dmethingamb1', 'lkondratenyab1@pbs.org', 'C0CFRj', 3),
(399, 'tdarbishireb2', 'hburgonb2@ocn.ne.jp', 'Qw8Pd78', 3),
(400, 'rstoryb3', 'vstronoughb3@mozilla.org', 'qFPIJYvzAI', 3),
(401, 'dmountainb4', 'islackb4@wikia.com', 'VPZLYS', 3),
(402, 'mshuggb5', 'hproudmanb5@ihg.com', '2wrYYY3', 3),
(403, 'tslinnb6', 'bisabellb6@delicious.com', 'ITfNcHXEyVbY', 3),
(404, 'mrollingsb7', 'lkilaleab7@networksolutions.com', 'FAcwDRk', 3),
(405, 'jblackhurstb8', 'wbradbrookb8@examiner.com', 'sBYYgWAO', 3),
(406, 'gbesqueb9', 'mcrossleyb9@umich.edu', 'sq6Eyr', 3),
(407, 'sdavidoveba', 'mmcinnernyba@dedecms.com', 'HasKQttbS', 3),
(408, 'fomearabb', 'mscibseybb@microsoft.com', 'c1FPpsO', 3),
(409, 'frimellbc', 'awhisbybc@mysql.com', 'YUkz2sdMy', 3),
(410, 'pgrindlaybd', 'knanobd@twitpic.com', 'h5uh9d8LjZgS', 3),
(411, 'nolrenshawbe', 'tleistbe@ox.ac.uk', '8PcNv4B', 3),
(412, 'acharsleybf', 'bseverwrightbf@sphinn.com', 'WCOnuQR', 3),
(413, 'vhandlingbg', 'avasyatkinbg@usgs.gov', 'i3iAFbLh', 3),
(414, 'mreadwinbh', 'qkinderbh@phoca.cz', 'EWrhhA0Fr', 3),
(415, 'scrennanbi', 'psallbi@paginegialle.it', 'hThV5Q', 3),
(416, 'cseabridgebj', 'vdungaybj@shareasale.com', 'lIsWQBQMrZut', 3),
(417, 'awaltersbk', 'eizaksonbk@cbslocal.com', 'AlBzbMjB1w', 3),
(418, 'cfilesbl', 'coleszcukbl@ihg.com', 'izP4I8xDfDj', 3),
(419, 'faskeybm', 'dbiddissbm@foxnews.com', 'a2QxRyym54S', 3),
(420, 'bspiteribn', 'inobletbn@multiply.com', 'AvmqtqeYj', 3),
(421, 'hfulunbo', 'krollingbo@fotki.com', '9HtozrgcL0Lk', 3),
(422, 'jeltbp', 'kclaidenbp@seesaa.net', 'rDzM8Zh1P', 3),
(423, 'cbovisbq', 'amacnaughtonbq@gnu.org', 'BX7xsWI7WP', 3),
(424, 'glanghornbr', 'jgilberthorpebr@who.int', '9N8G9wtOkN', 3),
(425, 'fjepensenbs', 'cuttingbs@epa.gov', 'DxZr7Tz', 3),
(426, 'dsilverwoodbt', 'dklimschbt@imdb.com', 'qDMFaa', 3),
(427, 'nglencorsebu', 'mtitchmarshbu@acquirethisname.com', 'JAQtEsuQI', 3),
(428, 'alongbothombv', 'ireynaldsbv@hatena.ne.jp', 'k8UgAPd4wWK', 3),
(429, 'htrittenbw', 'mshegogbw@tinypic.com', 'ZroXxkFQDv', 3),
(430, 'eosirinbx', 'nbartholatbx@intel.com', 'mR49LY', 3),
(431, 'dkidbyby', 'bditchburnby@behance.net', 'L4Hv39ErehA', 3),
(432, 'mfillerbz', 'vferrierebz@dailymail.co.uk', 'C8SlYnO', 3),
(433, 'storresic0', 'sgatec0@wp.com', 'AOlvXl6jaH1', 3),
(434, 'bdockertyc1', 'rdrayec1@weebly.com', 'aAXOe20GWGyk', 3),
(435, 'mdalemanc2', 'rbarendtsenc2@bloglines.com', '5GM5tx', 3),
(436, 'mgirardic3', 'apiddlec3@apache.org', '8FfxVF', 3),
(437, 'tgebbyc4', 'gmarcoolync4@rediff.com', 'U4NpOAOf', 3),
(438, 'dgomezc5', 'psayc5@webmd.com', 'ywCGmjZv', 3),
(439, 'fdeloozec6', 'bharwoodc6@slashdot.org', 'jx4K65Qo03', 3),
(440, 'gcatchesidec7', 'jproutc7@va.gov', 'zG4zxdifsw9I', 3),
(441, 'mcaminc8', 'hhalbertc8@home.pl', 'SIFRK5tg', 3),
(442, 'mmckirdyc9', 'adrewryc9@list-manage.com', '7UGUt63HYRpJ', 3),
(443, 'ividelerca', 'welcomca@bigcartel.com', 'ox9OwyXhZj', 3),
(444, 'fwakerleycb', 'adownescb@salon.com', 'fbCnqhZAErEL', 3),
(445, 'rkleslcc', 'lgirtincc@de.vu', 'g07IyveY4', 3),
(446, 'jeisigcd', 'mleportcd@admin.ch', 'mrgU74', 3),
(447, 'vdahlence', 'lcollumbinece@sohu.com', 'HNPalRPTyHU', 3),
(448, 'dvuittoncf', 'flesarrcf@ow.ly', '8JQyoEDP7S', 3),
(449, 'dstandishbrookscg', 'ekembleycg@berkeley.edu', '7MBZ1JSdPU', 3),
(450, 'pvasenkovch', 'scrowdsonch@opera.com', 'YHOSvnoclaes', 3),
(451, 'jadamovci', 'vinstoneci@hibu.com', '8Oz0kp', 3),
(452, 'hpetrozzicj', 'eockleshawcj@zimbio.com', '3ewig9P', 3),
(453, 'mstrydeck', 'lspoerlck@fotki.com', 'TjaBLKAW', 3),
(454, 'rsawyercl', 'hfayermancl@narod.ru', 'MlZ4Quf5on75', 3),
(455, 'lmaxwalecm', 'mmortimercm@amazon.com', 'yfrlqXkSs', 3),
(456, 'tcolebeckcn', 'lhazemancn@last.fm', 'oSoIl6', 3),
(457, 'cwinshipco', 'lmartenco@army.mil', 'rVlouPRZ0P', 3),
(458, 'jmathelycp', 'aellisscp@uiuc.edu', 'Vk462rKevx', 3),
(459, 'kstovinecq', 'sdruittcq@aol.com', 'Nlq1KcMMYb7', 3),
(460, 'pniavecr', 'mkenwaycr@china.com.cn', 'lGU8Ye6aEJ7', 3),
(461, 'elaceycs', 'ssugarscs@fema.gov', 'njB6Q5mn', 3),
(462, 'cmacfadinct', 'zkeninghamct@bigcartel.com', 'C5g2XnOt', 3),
(463, 'sdillingstonecu', 'pkettowcu@unicef.org', 'F849KCJhsqH', 3),
(464, 'ofontenotcv', 'ctissellcv@msn.com', 'r93yORZLoZ8', 3),
(465, 'rdamrelcw', 'jpaulecw@yandex.ru', 'GgByeXi5a3Y', 3),
(466, 'ccastagniercx', 'sscholtzcx@illinois.edu', 'ultwx4', 3),
(467, 'mplenderleithcy', 'mfabbricy@nymag.com', 'fvYiKb8oY33', 3),
(468, 'ttongscz', 'lkittelcz@yellowbook.com', '7Gawbi5Dm0', 3),
(469, 'kkeavesd0', 'sthickd0@usa.gov', '0Mq6wO4e', 3),
(470, 'aadamssond1', 'vcourtierd1@engadget.com', 'g1rivQpASxJv', 3),
(471, 'tmcawd2', 'dhugonetd2@mapquest.com', 'iIJMlTwsvOP', 3),
(472, 'egoodreidd3', 'mheathwoodd3@hostgator.com', 'dDWyTYDTaaI', 3),
(473, 'vfollisd4', 'iwinridged4@plala.or.jp', 'GvxPZGLkfrg9', 3),
(474, 'mmerigeaud5', 'hburrelld5@t-online.de', '8TKBRM20w1', 3),
(475, 'nroscowd6', 'mcroneyd6@purevolume.com', 'xN8Eyg2ReI', 3),
(476, 'lmowdayd7', 'khackeltond7@mtv.com', 'tGguhoacFV', 3),
(477, 'jtomaszd8', 'gpurveyd8@earthlink.net', '5TZHLl8Jnc', 3),
(478, 'aoked9', 'ibarnsdalld9@hibu.com', 'FA5k8GrcKw', 3),
(479, 'ejessettda', 'cdreinanda@microsoft.com', 'n6Azkg9Za', 3),
(480, 'cfeldmandb', 'amowsleydb@pcworld.com', 'FoKhXoNRI', 3),
(481, 'cseifenmacherdc', 'lspowagedc@hubpages.com', 'AN0XM1n9AYl', 3),
(482, 'cmiddlerdd', 'ndennehydd@opensource.org', 'ebEU8siV', 3),
(483, 'jbromptonde', 'deddollsde@prnewswire.com', 'uJM0e6F', 3),
(484, 'amatuszewskidf', 'elegierdf@go.com', 'gGFMoU', 3),
(485, 'cstanislawdg', 'hbratchelldg@miibeian.gov.cn', 'S7JbGX5k', 3),
(486, 'acurwooddh', 'khurforddh@odnoklassniki.ru', 'QWCowXJqx', 3),
(487, 'mseegerdi', 'cohengertydi@biblegateway.com', 'PjR0j5', 3),
(488, 'pgilbodydj', 'ofidodj@ow.ly', 'DZ88JM', 3),
(489, 'irosinidk', 'cdruettdk@nasa.gov', 'G5BlnR', 3),
(490, 'ovaheydl', 'tvialsdl@godaddy.com', 'XxS35cymwEbN', 3),
(491, 'sgrzegorzewiczdm', 'elethleydm@stanford.edu', 'TEkubzbR', 3),
(492, 'gsquibbesdn', 'mreadittdn@youtu.be', '1KMLUcQFSe', 3),
(493, 'ajenkinsdo', 'ydruittdo@blog.com', 'LsOyeqODC', 3),
(494, 'hmandelldp', 'smounchdp@engadget.com', 'Qbm3tuaqtcH', 3),
(495, 'rsaffledq', 'mswinbournedq@independent.co.uk', 'rH3MiEqZa', 3),
(496, 'dmartinovskydr', 'scromwelldr@va.gov', 'hY2CmjGSO', 3),
(497, 'sgrzelewskids', 'gashdownds@liveinternet.ru', 'SC3ocjYkB9v', 3),
(498, 'pburgessdt', 'olandsmandt@hp.com', 'WzYAkB', 3),
(499, 'powendu', 'lfoskewdu@nbcnews.com', 'TzMdYXfW', 3),
(500, 'lhummdv', 'ljosefdv@nsw.gov.au', 'hbkYQA7T56tK', 3),
(501, 'adarbendw', 'nkytterdw@rakuten.co.jp', 'kn2QOh', 3),
(502, 'ovearncombedx', 'msperlingdx@blogger.com', 't37R7B', 3),
(503, 'mschurckedy', 'jnielddy@scribd.com', '4OzNgUSWfp', 3),
(504, 'gaubraydz', 'cgalletleydz@i2i.jp', 'nfs5O1', 3),
(505, 'jtryee0', 'bheikkinene0@dailymotion.com', '8qbA27VlM', 3),
(506, 'rashburnere1', 'agonine1@webs.com', 'JfVTigu', 3),
(507, 'jgatesmane2', 'lraspele2@merriam-webster.com', 'GhSafBRgc5d', 3),
(508, 'bpiechae3', 'cmassere3@twitter.com', 'db3hQh', 3),
(509, 'dtheakstone4', 'areyese4@irs.gov', 'cbOZcXMg', 3),
(510, 'ashepcutte5', 'bgoaleye5@vkontakte.ru', 'KGq4koYHr', 3),
(511, 'gdimmocke6', 'obasse6@indiatimes.com', 'myWkeTqRdw5', 3),
(512, 'kivashine7', 'kedesse7@mozilla.org', 'ICGHCLRfiLMF', 3),
(513, 'rrichemonte8', 'bjaggerse8@pagesperso-orange.fr', '2WTxm0', 3),
(514, 'rbishe9', 'bdockwrae9@army.mil', 'rgTYCcGi3N', 3),
(515, 'mprydeea', 'alimerea@stumbleupon.com', 'j5GI8oW5', 3),
(516, 'vgaythorpeeb', 'pmonumenteb@youtube.com', 'iVvU4Gmnto', 3),
(517, 'cbeernaertec', 'cmaccrackenec@mozilla.org', 'itOybB6y', 3),
(518, 'asabbined', 'tvermaned@qq.com', 'r6QrokTy', 3),
(519, 'oaugustusee', 'rgrimmolbyee@admin.ch', 'l818nxgLi', 3),
(520, 'cgollardef', 'dthackhamef@ustream.tv', 'hTftn7WK', 3),
(521, 'plaughlineg', 'rcartereg@hubpages.com', 'vgWdBn', 3),
(522, 'krosparseh', 'siwanickieh@clickbank.net', '24iuiLCHm3h', 3),
(523, 'rwillardei', 'hshrubshallei@scientificamerican.com', 'YuUThWxIA7', 3),
(524, 'dfilgateej', 'awarnej@yandex.ru', 'p1x73PToEPf', 3),
(525, 'lbiaginiek', 'llaingmaidek@slashdot.org', 'x6AvhPxIF7', 3),
(526, 'vdallel', 'cstansbieel@reference.com', 'ldjNYHEuFyX', 3),
(527, 'gdelmonteem', 'schowneem@uiuc.edu', 'wKufJO77H', 3),
(528, 'bhovingtonen', 'jbartelsellisen@usa.gov', 'OjGNCD', 3),
(529, 'pwalklingeo', 'rvanhaefteneo@reddit.com', 'aVBSr2C6JT7', 3),
(530, 'wmarshlandep', 'cjerschep@i2i.jp', 'HGo8oNjl', 3),
(531, 'ejosselsoneq', 'slicenceeq@typepad.com', '8p69hUS3c', 3),
(532, 'epetraser', 'smosconier@theglobeandmail.com', '0uKP1YL', 3),
(533, 'lslemminges', 'ccrampes@theguardian.com', '9poEYkV', 3),
(534, 'kcavanaghet', 'brateet@godaddy.com', 'BxIoQoT6b', 3),
(535, 'mnuttalleu', 'msireeu@usgs.gov', 'h1X1OMpvup', 3),
(536, 'cparvinev', 'nraffertyev@about.com', 'vPGJPXVL', 3),
(537, 'cpryellew', 'rmahareyew@over-blog.com', 'thEXh1f46', 3),
(538, 'brieflinex', 'iwalklettex@quantcast.com', 'sxJH4IXGlNg', 3),
(539, 'hknelleney', 'lpetitey@nih.gov', 'cZ7yIu97TC', 3),
(540, 'mbrouez', 'rdooheyez@mozilla.com', '6cJtKTVs1AVP', 3),
(541, 'jparcellsf0', 'klegenf0@kickstarter.com', 'tdSHvn', 3),
(542, 'lmingayef1', 'risacssonf1@cnet.com', 'oRbjzWMYj5', 3),
(543, 'btaltonf2', 'epentlowf2@boston.com', 'GLPAA8FKX', 3),
(544, 'wwadwellf3', 'hbroxupf3@blinklist.com', '3em4YjA', 3),
(545, 'cminithorpef4', 'iaringtonf4@cdc.gov', '4zSEcu2hKcJ', 3),
(546, 'atomaszf5', 'gchessumf5@nbcnews.com', 'pGorRGuOot', 3),
(547, 'gzarfatf6', 'bburnetf6@ning.com', 'gILrMqXQ8NGc', 3),
(548, 'jwarnesf7', 'lstorchf7@independent.co.uk', '8nnOI2AcmM', 3),
(549, 'pmuldoonf8', 'baccumf8@paginegialle.it', 'ZyHnhYasJ4', 3),
(550, 'tsiredf9', 'bdearnlyf9@homestead.com', 'bD488iCbpjU', 3),
(551, 'dcantrellfa', 'hdemaidfa@irs.gov', 'sGB0sj', 3),
(552, 'hackersfb', 'pstandbrookfb@aboutads.info', 'spDHYC', 3),
(553, 'ymcnairfc', 'sgeffcockfc@twitpic.com', 'IvZMA2j6', 3),
(554, 'tainscowfd', 'hhanselfd@discovery.com', 'LMjkxYUJsFd', 3),
(555, 'estedmondfe', 'tdumberrillfe@latimes.com', 'VZUOLHJTxJYJ', 3),
(556, 'afieldingff', 'obradburnff@wufoo.com', 'bLhxgV0j', 3),
(557, 'smarcumfg', 'balthamfg@smugmug.com', 'WIjfbK7ME', 3),
(558, 'ledwickerfh', 'mbonfieldfh@indiatimes.com', 'oj4NGuP', 3),
(559, 'gwhitnellfi', 'tagatefi@flickr.com', 'l1CydEuCxEUa', 3),
(560, 'jpedlowfj', 'bsargantfj@behance.net', 'mutFKPUY', 3),
(561, 'cpullingerfk', 'aschwaigerfk@hatena.ne.jp', 'PMrq56a5DO', 3),
(562, 'jeavesfl', 'mbouldingfl@google.ru', 'L9lErEqlHAHy', 3),
(563, 'castlattfm', 'efilipczakfm@aboutads.info', 'iU5Vh269', 3),
(564, 'ghakonssonfn', 'idavidovskyfn@aboutads.info', 'NNcqftfbc8S', 3),
(565, 'dsammondsfo', 'fpointonfo@shop-pro.jp', '3XSdsn7k', 3),
(566, 'jpietzkerfp', 'dbinleyfp@meetup.com', 'ZV4LG2l7', 3),
(567, 'mlinfordfq', 'nbarlasfq@com.com', 'QwMrYVQ6l', 3),
(568, 'llorrimanfr', 'xwalderafr@yahoo.com', 'lMvxzop', 3),
(569, 'bhimpsonfs', 'sburbudgefs@nba.com', 'aH29ds4saaT', 3),
(570, 'cpiggenft', 'gjentft@globo.com', 'cDlHrm', 3),
(571, 'dfurmengerfu', 'tpaitonfu@bigcartel.com', 'LhLYrEN', 3),
(572, 'plaughreyfv', 'fstarkingfv@time.com', 'fWQCR2Imnm', 3),
(573, 'osparshuttfw', 'dcantofw@psu.edu', 'Q3uS6Fn', 3),
(574, 'aryleyfx', 'kinglefx@fastcompany.com', 'anu4PEzYzr', 3),
(575, 'vgeddisfy', 'jmutimerfy@businesswire.com', '88WdKBz', 3),
(576, 'alutasfz', 'jbelfitfz@wisc.edu', '4fXsRVIl', 3),
(577, 'shuntingtong0', 'tsandryg0@prnewswire.com', 'c200f3JrLLV8', 3),
(578, 'ccoxong1', 'scaughteg1@qq.com', 'r1bj02OiAmPI', 3),
(579, 'hvannonig2', 'vpyerg2@newsvine.com', 'KpljsJv2t51N', 3),
(580, 'acadagang3', 'aspearesg3@usda.gov', 'OVxmnm6uO5', 3),
(581, 'dpietrowskig4', 'kshentong4@umich.edu', 'MiQZt7OCrc', 3),
(582, 'rsimantsg5', 'lbleueg5@soup.io', 'OIQuHe5X', 3),
(583, 'jandrejevicg6', 'atanfieldg6@pagesperso-orange.fr', 'WAFUwmVKR3Q', 3),
(584, 'smanzellg7', 'salsoppg7@unesco.org', 'yPq9IiJ', 3),
(585, 'jarnaug8', 'dleslyg8@printfriendly.com', 'g6Ll9sg0zf', 3),
(586, 'jmcilwreathg9', 'ftombsg9@independent.co.uk', 'K6IJTBj', 3),
(587, 'nfeatherstonhaughga', 'rghentga@behance.net', 'CpKnV9W', 3),
(588, 'hshuxsmithgb', 'amacmanusgb@vistaprint.com', 'CoaBsVPq4XMm', 3),
(589, 'sraundsgc', 'cmcfeegc@phpbb.com', 'wYhpfK', 3),
(590, 'cmackailegd', 'mduckergd@tuttocitta.it', 'TIxQeGI', 3),
(591, 'kprobeyge', 'mbinnallge@booking.com', 'xlBPya', 3),
(592, 'gmcgilvragf', 'wcockrangf@tripod.com', 'biYI7OID', 3),
(593, 'fdefrainegg', 'cbuzingg@huffingtonpost.com', 'fmRNVQxqEy', 3),
(594, 'abelhomegh', 'smacinherneygh@google.de', 'OfREhJbvv', 3),
(595, 'tmintogi', 'mrankinggi@vistaprint.com', 'eoIJd8tFlwYU', 3),
(596, 'apalistergj', 'ymollingj@alexa.com', '8cuxjwIx02', 3),
(597, 'dseilergk', 'belliotgk@mac.com', 'NdYF6L5', 3),
(598, 'emorrisgl', 'dnairygl@engadget.com', '27gr7lk', 3),
(599, 'mgribbingm', 'rhalewoodgm@vistaprint.com', 'qX2qixw', 3),
(600, 'pavraamgn', 'dfettiplacegn@biglobe.ne.jp', 'ykwsH1S8e', 3),
(601, 'gmulligango', 'sblancowego@amazon.co.uk', 'b97jYE3', 3),
(602, 'chuskgp', 'fmartinetgp@com.com', 'ojF693', 3),
(603, 'mlemasneygq', 'cpendreygq@soundcloud.com', 'nt6UwLoykp', 3),
(604, 'hseifertgr', 'jkesongr@google.co.jp', 's1tKPfmdw5Mv', 3),
(605, 'kkeizmangs', 'nmartinovskygs@google.com.au', '5JfAwP0', 3),
(606, 'jhazellgt', 'hgermongt@altervista.org', '72QXVVzlEr', 3),
(607, 'cblackslandgu', 'mzealgu@auda.org.au', 'oByjzMR2yY', 3),
(608, 'kguthersongv', 'sbummfreygv@bbb.org', 'ltneMD2wl', 3),
(609, 'mzoephelgw', 'mdefranciscigw@domainmarket.com', '3SA6dIJdy0n', 3),
(610, 'anevittgx', 'gbussonsgx@sourceforge.net', '4eAzmT6PWTWS', 3),
(611, 'kmauchlinegy', 'elippgy@ed.gov', 'TbrIFaNcR', 3),
(612, 'fbrockettgz', 'eroadknightgz@linkedin.com', 'U56Dpy', 3),
(613, 'joseltonh0', 'kgilfetherh0@networksolutions.com', 'aZucWYVoR9', 3),
(614, 'ryudeh1', 'mwickwarh1@so-net.ne.jp', '5h2s5dwN', 3),
(615, 'nletchmoreh2', 'fmccurdyh2@sogou.com', 'FVXVDS4hkU', 3),
(616, 'astranahanh3', 'dbilbieh3@independent.co.uk', 'fNkS2jMI5Pd', 3),
(617, 'aswabyh4', 'getterh4@hhs.gov', 'EO6sUEebSYgg', 3),
(618, 'sevangelinosh5', 'bcervantesh5@istockphoto.com', 'Gk2GNQk', 3),
(619, 'cthrustleh6', 'jweldrickh6@360.cn', 'BU94B6', 3),
(620, 'ldagostinoh7', 'nosmanh7@yellowpages.com', 'fsdQUBdPA', 3),
(621, 'eshaylorh8', 'knorthernh8@weibo.com', 'hn8DY3dyoc2', 3),
(622, 'ibondleyh9', 'rkemptonh9@springer.com', 'ekrO2ed', 3),
(623, 'jolufsenha', 'larchbouldha@sakura.ne.jp', '35IHRNLzTmo', 3),
(624, 'kegdalhb', 'kgiggiehb@ning.com', 'aAEij9', 3),
(625, 'rpretleyhc', 'ekenafaquehc@indiegogo.com', 'JsQYY31vDRRw', 3),
(626, 'ccodronhd', 'seliazhd@plala.or.jp', 'gadrLxHyk', 3),
(627, 'lfrendhe', 'cmiddlehe@weebly.com', 'cl1TFFmfKtQ', 3),
(628, 'egaylardhf', 'tlatliffhf@usgs.gov', 'GgYiEI5blMNV', 3),
(629, 'rchandershg', 'mbehlinghg@ask.com', 'fTk0yv', 3),
(630, 'eflasbyhh', 'maikmanhh@apache.org', 'twV39iwq', 3),
(631, 'fcatleyhi', 'rscammondenhi@ask.com', 'gRt6kT', 3),
(632, 'khargitthj', 'ccornallhj@cisco.com', 'S7FnTG', 3),
(633, 'epentecusthk', 'csaintsburyhk@alexa.com', 'qGLGi4hb', 3),
(634, 'llatliffhl', 'gvarleyhl@mlb.com', 'xh5jKgSf', 3),
(635, 'jedmonstonehm', 'hodoughertyhm@nature.com', 'EubPpvknbGn', 3),
(636, 'rmccomehn', 'jcaenhn@e-recht24.de', '22qiCXqQkpp', 3),
(637, 'bschwandermannho', 'hgreenardho@mit.edu', 'Ufy2tAS4aCkX', 3),
(638, 'mmcraehp', 'mdessaurhp@bbb.org', 'j9Y8jfg', 3),
(639, 'jhinckeshq', 'ghelishq@cbsnews.com', 'hT1M0z4REcc', 3),
(640, 'thurleshr', 'blutwidgehr@imgur.com', 'IjOP560q', 3),
(641, 'nhedonhs', 'mmurrthumhs@archive.org', 'ADGMSA', 3),
(642, 'aburrellsht', 'gmayouht@walmart.com', 'JfYJWm', 3),
(643, 'ezannelihu', 'aleanderhu@virginia.edu', 'Doy6a2', 3),
(644, 'lcleerehv', 'jbonhillhv@imageshack.us', 'BQ8lzywHzeK2', 3),
(645, 'eroycrofthw', 'molrenshawhw@umn.edu', 'SfAk0KhhA5N', 3),
(646, 'lzanussiihx', 'lsutliffhx@reuters.com', 'alQviQ', 3),
(647, 'hchstneyhy', 'scaylehy@constantcontact.com', 'umRRY07Tou', 3),
(648, 'mflorencehz', 'jwhittyhz@webnode.com', 'iefI3zUbh86e', 3),
(649, 'kfurphyi0', 'sheersmai0@flavors.me', 'iXBc9ggBap8', 3),
(650, 'mlovewelli1', 'mschoffleri1@furl.net', 'TLYXRAKmGTh', 3),
(651, 'ctwoohyi2', 'wmaciaszeki2@craigslist.org', 'xDpghP5nO', 3),
(652, 'osedgwicki3', 'kpeati3@columbia.edu', 'gg8L9PN', 3),
(653, 'cloveardi4', 'charnettyi4@marriott.com', 'm97hcrZ86', 3),
(654, 'esemarkei5', 'rredferni5@ed.gov', 'bRodPj', 3),
(655, 'rthurgoodi6', 'whuncotei6@indiatimes.com', 'JIxlNmUr', 3),
(656, 'aorknayi7', 'mmclugaishi7@ustream.tv', 'BRYW6f', 3),
(657, 'tlippoi8', 'llesleyi8@mysql.com', 'tYgg4uswUj', 3),
(658, 'cbruslei9', 'wsutlieffi9@wikispaces.com', 'fNG5GdOcp', 3),
(659, 'aboissieria', 'igarrawayia@multiply.com', 'NO7kNS', 3),
(660, 'aschonfeldib', 'vmasdenib@booking.com', 'VwskHOxY2', 3),
(661, 'aboissieric', 'hbugleric@yelp.com', 'vLVQ26v6yBju', 3),
(662, 'eburleid', 'nmcewanid@mayoclinic.com', 'OQKx5U4dd', 3),
(663, 'rwannopie', 'crosensteinie@xrea.com', 'ymn8U3MKWQ', 3),
(664, 'cgallandif', 'aellettif@independent.co.uk', 'sJbCXI', 3),
(665, 'askerrittig', 'csewardsig@cdbaby.com', '9Maxyu', 3),
(666, 'ehartlyih', 'mstoakih@wsj.com', 'Z4IyNf3CU3q', 3),
(667, 'atrustramii', 'cbousteadii@squarespace.com', 'vF8Z9QlWxN', 3),
(668, 'doherlihyij', 'ssurpliceij@newsvine.com', 'iqKHSux7', 3),
(669, 'cruppik', 'rcuppleditchik@theglobeandmail.com', 'Yq9tdoNPPsaS', 3),
(670, 'rsandercockil', 'dgagesil@yale.edu', 'DLGR3ymyjSQl', 3),
(671, 'dstratiffim', 'dallstonim@wix.com', 'CVW8mwgAD', 3),
(672, 'mwalcarin', 'rvannerin@columbia.edu', 'cEqMa9GUy', 3),
(673, 'rsichaio', 'doxboroughio@columbia.edu', 'PZu8swJW9r', 3),
(674, 'ecreekip', 'dgambrellip@behance.net', 'ZtcyafImxYWF', 3),
(675, 'csevernsiq', 'caspinwalliq@hostgator.com', 'sRZr3SW4', 3),
(676, 'amoineir', 'csoutterir@amazon.co.uk', '73UwMJe0', 3),
(677, 'aleeseis', 'scustyis@washington.edu', '0mvq8nLHL6u', 3),
(678, 'dbanghamit', 'ecastagnoneit@tumblr.com', 'fBdD6lKGAnq', 3),
(679, 'creiniu', 'myeldingiu@ox.ac.uk', 'nrDGCF', 3),
(680, 'rorchardiv', 'mklammtiv@bbc.co.uk', 'EKsuL3m25O', 3),
(681, 'clegrandiw', 'ibletsoeiw@mayoclinic.com', '4mzCXDPDfV', 3),
(682, 'spostansix', 'kwalkeyix@lycos.com', 'Ewyn5wwrFLS', 3),
(683, 'afolleniy', 'asteariy@mashable.com', 'ACg7wlphQ0v', 3),
(684, 'ebalmeiz', 'ojansiz@altervista.org', 'UkY5y9Po', 3),
(685, 'chemshallj0', 'rjoselsonj0@newsvine.com', 'Efp8vTh', 3),
(686, 'rfernandoj1', 'rmenichellij1@t-online.de', 'WvvDddTVVov', 3),
(687, 'ffallj2', 'srosenqvistj2@noaa.gov', 'HCw9KD', 3),
(688, 'tmolesworthj3', 'wlebelj3@jigsy.com', 'rnPceREe', 3),
(689, 'tpouckj4', 'gbrimmingj4@arizona.edu', 'lQpPce', 3),
(690, 'abensonj5', 'bpoundesfordj5@google.com', '5zN5SLTL', 3),
(691, 'cfitzgilbertj6', 'ebellfieldj6@meetup.com', 'f7xaRwQrk', 3),
(692, 'hligerj7', 'adimitrievj7@timesonline.co.uk', 'ZrZjH9', 3),
(693, 'jcrossfieldj8', 'rbirdisj8@nps.gov', 'jlRoKhTJ9VTt', 3),
(694, 'smanueauj9', 'pduttj9@sakura.ne.jp', 'AbAAsISOUjz3', 3),
(695, 'wdarceyja', 'tmacja@fda.gov', 'ECE4o6BQx', 3),
(696, 'hhandlingjb', 'gstevanijb@scientificamerican.com', 'cI0hmj', 3),
(697, 'kgarrishjc', 'aingermanjc@jigsy.com', 'vvtH5mGC', 3),
(698, 'laldamjd', 'cskirvanejd@thetimes.co.uk', '0KniNBdL', 3),
(699, 'sraulstonje', 'rizacenkoje@skyrock.com', 'XRuGk9IPt', 3),
(700, 'ebougourdjf', 'acollocottjf@oracle.com', 'hfCiQ3Otv2', 3),
(701, 'rduffettjg', 'ddeliajg@wsj.com', 'g3n4NO', 3),
(702, 'wpoundesfordjh', 'rkitejh@discuz.net', 'H12kf4M', 3),
(703, 'lwoollinji', 'dsidebothamji@fastcompany.com', 'vXYn7sIz', 3),
(704, 'lwoodheadjj', 'efelipejj@dyndns.org', 'b3MuhdXlVn', 3),
(705, 'ekirsopjk', 'aharroldjk@guardian.co.uk', 'sqImHN', 3),
(706, 'bgoselingjl', 'ebradleyjl@ucla.edu', 'pn9c7ZMtu', 3),
(707, 'dessbergerjm', 'gdarmodyjm@sciencedaily.com', 'CgEuAa', 3),
(708, 'ubrinklerjn', 'whugonnetjn@si.edu', 'Mo43lcc', 3),
(709, 'ebraghinijo', 'osalomonjo@dmoz.org', 'LSjyXuBmJx9', 3),
(710, 'tvickressjp', 'bpuviajp@rambler.ru', 'Q74H0HpoNkjx', 3),
(711, 'dduckworthjq', 'dhorsfieldjq@goodreads.com', 'rYgxheJflYp', 3),
(712, 'lfoortjr', 'clettyjr@sciencedirect.com', 'qNT1aRjf1T', 3),
(713, 'igummeryjs', 'lvanhovejs@bloglovin.com', 'hFKYIw', 3),
(714, 'amoncurjt', 'rrockcliffjt@soup.io', 'TKIHckZS', 3),
(715, 'mobeirneju', 'gskaifeju@furl.net', 'nid1RoHg', 3),
(716, 'vorangejv', 'obartelsjv@weibo.com', 'Q7rHUrA9S', 3),
(717, 'amathersonjw', 'nhogbinjw@ovh.net', 'fYu3060gW4', 3),
(718, 'ebehneckenjx', 'bkhalidjx@irs.gov', 'ANhWxXpkss', 3),
(719, 'credparthjy', 'lantleyjy@pagesperso-orange.fr', 'oeChwh68f', 3),
(720, 'rburkartjz', 'siredalejz@pinterest.com', '3OjPrycZOYoW', 3),
(721, 'ltullyk0', 'jrizzik0@nhs.uk', 'lnP7aLKDu', 3),
(722, 'agrigollik1', 'mkrusek1@oracle.com', 'oOTP8in3', 3),
(723, 'chylandk2', 'fjohnkek2@tmall.com', 'Fe2zeX2wG7z', 3),
(724, 'otetherk3', 'ndeclercqk3@theguardian.com', '35Xjem', 3),
(725, 'dadamoviczk4', 'scastelluzzik4@lycos.com', 'SPooLazoYB', 3),
(726, 'twimbridgek5', 'tpallentk5@forbes.com', 'HLVgL2gakV', 3),
(727, 'hpaskink6', 'asteerk6@census.gov', '01xTI3d', 3),
(728, 'gbenechk7', 'tmundwellk7@123-reg.co.uk', 'UW4yFA', 3),
(729, 'jketteringhamk8', 'lrabbk8@lulu.com', '1f0SOrX7VxBf', 3),
(730, 'pmitchensonk9', 'lclaybournk9@baidu.com', 'B5n0PwWAfUV9', 3),
(731, 'mloftka', 'nhollyerka@cbslocal.com', 'hCXENASca', 3),
(732, 'ohastilowkb', 'ceadingtonkb@naver.com', 'V2g4kf5z', 3),
(733, 'kmatuszykkc', 'mfuidgekc@engadget.com', 'dVMqwS0zf', 3),
(734, 'gkestiankd', 'plegginkd@mysql.com', 'Lz0rLQ', 3),
(735, 'mlandsmanke', 'ncraytonke@mtv.com', 'EdjplTGrTdsn', 3),
(736, 'olunekf', 'jjoriokf@1und1.de', 'vVce7vyCP', 3),
(737, 'rpurkinskg', 'mwardhoughkg@home.pl', 'CNwLf4I', 3),
(738, 'oshillingkh', 'gtolemachekh@fda.gov', 'zAveHP5NIOk', 3),
(739, 'tlindelofki', 'coliviki@clickbank.net', 'uC57woBU', 3),
(740, 'nkittimankj', 'fscarglekj@cam.ac.uk', 'g48oyC1', 3),
(741, 'mhissettkk', 'hkemmekk@list-manage.com', 'uNFu2B053B', 3),
(742, 'mskoughkl', 'ccaplankl@dedecms.com', 'ZUgN2Lv', 3),
(743, 'dadnetkm', 'rtrobridgekm@google.it', 'PtRNZPufTeO', 3),
(744, 'bthomassenkn', 'mgopsallkn@theguardian.com', '2jQFyvpyJZSn', 3),
(745, 'asyersko', 'crennoxko@dedecms.com', 'jWJ4z5ke', 3),
(746, 'rcowpkp', 'hsiegertszkp@imdb.com', 'D8Bgw2Ym', 3),
(747, 'gmcinultykq', 'hbownekq@tiny.cc', 'lAdYcbPsDh6Q', 3),
(748, 'jwinsparkr', 'djarrelkr@webeden.co.uk', 'NXIkHa', 3),
(749, 'ldavittiks', 'ntawtonks@free.fr', 'Xt3iPjtS', 3),
(750, 'pfrangellokt', 'cbusenkt@paypal.com', 'jdoyqrOT4rP', 3),
(751, 'etrowellku', 'mlinseyku@irs.gov', 'sXX10GcLQdO', 3),
(752, 'chaggerstonkv', 'kfinkkv@marketwatch.com', '6WJHDrYEr', 3),
(753, 'rswiffenkw', 'adebillkw@uol.com.br', 'tGEYQQfDvwI', 3),
(754, 'cmatteuzzikx', 'fmcclintockkx@nih.gov', 'Vf1Cuyomg0C', 3),
(755, 'mstarrky', 'gpountneyky@state.tx.us', 'jAwpZUMFdo', 3),
(756, 'oglasardkz', 'mvarcoekz@liveinternet.ru', 'C4Vd5i', 3),
(757, 'swadesworthl0', 'priefl0@imgur.com', 'Htyob1MkIey', 3),
(758, 'akrzyzaniakl1', 'bfurneyl1@aol.com', 'd1vRVQS9', 3),
(759, 'acolel2', 'mpetrowskyl2@arstechnica.com', 'm8A2zQ5T', 3),
(760, 'oeltonel3', 'uwhitelawl3@jugem.jp', 'xuIVcHvFn', 3),
(761, 'jblackwelll4', 'ymckirtonl4@gov.uk', '0JKvcJ0', 3),
(762, 'mtrinbeyl5', 'aarrundalel5@cisco.com', 'Apj0rbJRd', 3),
(763, 'kpilmorel6', 'ddanielll6@diigo.com', 'QeKZXj9ezNVs', 3),
(764, 'jmedforthl7', 'showelsl7@usnews.com', 'jtIvEARRwb', 3),
(765, 'djenceyl8', 'cskalal8@amazon.co.uk', 'AUgfsg4N', 3),
(766, 'dhargrovel9', 'sdallmannl9@abc.net.au', 'W8c1WOGnk', 3),
(767, 'mdossetterla', 'tnewboldla@foxnews.com', '8gdwUT', 3),
(768, 'rliversedgelb', 'ipoundsfordlb@accuweather.com', 'nUI9A4vbg7', 3),
(769, 'ptreskelc', 'elangdonlc@amazon.co.uk', 'gf9EDmc6', 3),
(770, 'sdoughartield', 'mambrozewiczld@sciencedaily.com', 'e4Lu5yz8', 3),
(771, 'dperfectle', 'jcanferle@livejournal.com', 'SoWS0hsqglR', 3),
(772, 'pcobbinlf', 'rtrevaskislf@guardian.co.uk', 'NloMVnnennl', 3),
(773, 'gbollamlg', 'cbutlerbowdonlg@furl.net', 'z8E6sJ9KQz', 3),
(774, 'crehorlh', 'aferruccilh@webmd.com', 'F7hubbs0n', 3),
(775, 'atidburyli', 'lbeldamli@bigcartel.com', 'jEf1Q67H', 3),
(776, 'momohunlj', 'ckauschelj@unc.edu', '2t0zU22r', 3),
(777, 'sbeecklk', 'dbrieretonlk@kickstarter.com', 'qF04a8LIb', 3),
(778, 'sfishbiell', 'fchisholmll@bloglovin.com', 'fKNRCV', 3),
(779, 'dshiltonlm', 'jvenesslm@quantcast.com', 'aego8Obp2eVb', 3),
(780, 'bgalpenln', 'mrenakln@jimdo.com', '9nGLO4A2tU', 3),
(781, 'ejealouslo', 'khallgatelo@sciencedirect.com', 'LSeNPhJR', 3),
(782, 'ctruckelllp', 'ehenricssonlp@drupal.org', 'fQ8HMegI', 3),
(783, 'jcrossonlq', 'jduhamellq@alexa.com', 'XJc4Cr', 3),
(784, 'jbaileslr', 'cgoolylr@fema.gov', 'jwu9NIK', 3),
(785, 'dmcrobertls', 'kjellybrandls@joomla.org', 'Fbubzwo', 3),
(786, 'pfaulderlt', 'fmariyushkinlt@amazon.com', 'PrJtrReEdy6', 3),
(787, 'lcyphuslu', 'jlanbertonilu@e-recht24.de', 'oYqdXM7iEoSq', 3),
(788, 'pcanalv', 'hlongstreethlv@nationalgeographic.com', 'NtRoITpyGM', 3),
(789, 'ktisorlw', 'aberrymanlw@youtube.com', 'CqR7IS', 3),
(790, 'dsterzakerlx', 'sbawleslx@hao123.com', 'Q3ykLwom', 3),
(791, 'dcharlinly', 'cwhoolehanly@mayoclinic.com', 'sv00jn1', 3),
(792, 'jkroutlz', 'achrisplz@topsy.com', '1D8CdQVT', 3),
(793, 'hlanghornm0', 'areucastlem0@com.com', '99wXHC2', 3),
(794, 'sbatterhamm1', 'tbalmforthm1@admin.ch', 'uKZRKf', 3),
(795, 'abonnifacem2', 'lfalloonm2@twitter.com', '25HoIGt8', 3),
(796, 'draithbiem3', 'esollonm3@is.gd', 'Voqnmk', 3),
(797, 'isarfasm4', 'hexrollm4@nba.com', 'pbf72cSg1qW', 3),
(798, 'rlemerym5', 'cdelaspeem5@google.com.br', 'D2cJPDvTLm2S', 3),
(799, 'egianiellom6', 'sgrindleym6@examiner.com', 'wMcSMxdkj', 3),
(800, 'sworsfoldm7', 'bmartinettom7@shinystat.com', 'DioKEUCwFWh', 3),
(801, 'tmatessianm8', 'cjakubovskym8@bbb.org', 'ObHbCW', 3),
(802, 'ohumbatchm9', 'gpaolicchim9@shareasale.com', 'eejfcpx', 3),
(803, 'rquinma', 'rbalconma@naver.com', 'X1aTN3A9uzy', 3),
(804, 'cwhitlandmb', 'gwhiteleymb@elegantthemes.com', 'wsJCLYIqaD1', 3),
(805, 'bbraileymc', 'cbirchenheadmc@europa.eu', 'KjngO4r3dmjM', 3),
(806, 'btrainormd', 'fkerwinmd@vimeo.com', 'LRsbhKkyogq', 3),
(807, 'mharsantme', 'tingarfieldme@mysql.com', '37M2Rl', 3),
(808, 'sgoodwinmf', 'bnuschkemf@google.pl', 'N8ya2j084oa', 3),
(809, 'bchantlermg', 'sshildrickmg@amazon.com', 'ZUcbPgRTM0', 3),
(810, 'jlambamh', 'tchartremh@cmu.edu', 'E7NpkvuOH', 3),
(811, 'dsweetmi', 'kyellowleymi@networkadvertising.org', 'pE1URoZ5Uv0G', 3),
(812, 'cschulzmj', 'grodgmanmj@dailymotion.com', 'iW3chgCK', 3),
(813, 'rlamputtmk', 'ucrebomk@amazon.com', 'UDIQ7iGXOs1', 3),
(814, 'ataffurelliml', 'mwhitlandml@sogou.com', 'S7gRdbY62', 3),
(815, 'mcattomm', 'aupchurchmm@elegantthemes.com', 'hCQqtUyJ0zaG', 3),
(816, 'kclementsmn', 'nmewhamn@com.com', '2Fc4fiv1I', 3),
(817, 'cosheilsmo', 'lcroysdalemo@spiegel.de', 'yDQJSUOGxn', 3),
(818, 'dphilcoxmp', 'nbowleymp@tiny.cc', '5tLDqvlKi', 3),
(819, 'rkeelingemq', 'jayersmq@hp.com', 'cOVcLuCeK', 3),
(820, 'ahoudmontmr', 'agreedmr@vimeo.com', '4aiKaT7xBIN', 3);
INSERT INTO `users` (`id`, `username`, `email`, `password`, `role`) VALUES
(821, 'rgrunwallms', 'ewisbeyms@diigo.com', 'Fa1uuoC2jnDu', 3),
(822, 'cmolesworthmt', 'jpikesleymt@businesswire.com', 'qLcCsbXiLrC', 3),
(823, 'vsoremu', 'slachezemu@icio.us', 'ENjpKqGkaSTK', 3),
(824, 'rhazlewoodmv', 'phalwardmv@va.gov', 'O1xgXKzlQYl', 3),
(825, 'dnisemw', 'gboulesmw@cnet.com', 'Yo692HukVvqh', 3),
(826, 'hcompsonmx', 'gcheynemx@slashdot.org', '7v8htVy', 3),
(827, 'mlumbleymy', 'cjahanmy@delicious.com', 'WSZEn2r84t', 3),
(828, 'tkeersmz', 'kromainmz@tripod.com', 'wN8iVGM1HdID', 3),
(829, 'smewhirtern0', 'phauxleyn0@wufoo.com', 'NrMpE3', 3),
(830, 'lbenardetten1', 'hcarmen1@irs.gov', '0j5yK3M', 3),
(831, 'ccallfn2', 'bpruvostn2@4shared.com', '9dlboSzsazbm', 3),
(832, 'mpotkinsn3', 'pfickenn3@walmart.com', 'D2pXt8Jd7g2V', 3),
(833, 'kscoldingn4', 'ldensien4@gnu.org', 'MOwx8fKZSWsA', 3),
(834, 'jsalvadorin5', 'mfalloonn5@usgs.gov', 'gVwJoJGm39', 3),
(835, 'mmccormickn6', 'glandisn6@statcounter.com', 'OqZlUFC', 3),
(836, 'bfullowayn7', 'equiltyn7@csmonitor.com', 'JxBguFHJ', 3),
(837, 'hsheplandn8', 'fkleinholzn8@cdc.gov', '7TN6ThNEa', 3),
(838, 'gspenceleyn9', 'rtowersn9@auda.org.au', 'R2q0inv3ZsZ', 3),
(839, 'lwattsna', 'vmckleodna@yahoo.com', 'CIucFXf9WC6', 3),
(840, 'bbowlandnb', 'lebbennb@comcast.net', 'MlmTNPht', 3),
(841, 'lorganernc', 'knicolsonnc@elpais.com', 'HB7rn7', 3),
(842, 'tpinkertonnd', 'awhiffinnd@ca.gov', '9qVvmIU', 3),
(843, 'lrosenne', 'sboshardne@creativecommons.org', 'R92P2gC', 3),
(844, 'pbonafacinonf', 'brickarseynf@usnews.com', '0CoaAmTU3n', 3),
(845, 'adaytonng', 'rharwickng@naver.com', 'z0c3CFa', 3),
(846, 'eveiversnh', 'gmiallnh@youtu.be', '1pjQtOxv', 3),
(847, 'hcrudgintonni', 'dhurdmanni@nature.com', 'WCZCt0d4lWkk', 3),
(848, 'tfulbrooknj', 'imcauslenenj@google.com.au', 'c47gbOVsRx', 3),
(849, 'jbevesnk', 'fbentleynk@360.cn', 'BOAHhoaSJlg', 3),
(850, 'lmilkinsnl', 'aheinritznl@who.int', 'hjffeV1', 3),
(851, 'pturpinnm', 'plangloisnm@tuttocitta.it', 'KAAeuqHneW', 3),
(852, 'psacconn', 'aslocketnn@elegantthemes.com', 'sEo1kYcgN', 3),
(853, 'mvaladezno', 'agaryno@google.cn', '1KeNjqHQ5X78', 3),
(854, 'gchaffnp', 'gciciottinp@uiuc.edu', 'dkK7nImd', 3),
(855, 'bpascallnq', 'htilbeynq@umn.edu', 'fvf95oX10Lo', 3),
(856, 'mpristnornr', 'ggillicenr@mit.edu', 'xkqd3f0P', 3),
(857, 'agriffithens', 'gdowerns@huffingtonpost.com', '4D3rGAoI1r', 3),
(858, 'lmarient', 'kswaddennt@bizjournals.com', '5HnRV4hWYU', 3),
(859, 'aprincenu', 'mducastelnu@typepad.com', '42qtklZ3', 3),
(860, 'gcandelinnv', 'stunnonv@cpanel.net', 'sRn3e8B', 3),
(861, 'mrotherhamnw', 'ahooknw@blogger.com', 'zKqysVEcpD', 3),
(862, 'leliesnx', 'emehewnx@cafepress.com', '8BulXABpt5', 3),
(863, 'dformoyny', 'amacaughtrieny@merriam-webster.com', 'SFdEd4z5Ugj', 3),
(864, 'whennernz', 'jboycottnz@youtube.com', '8EBG6ToK', 3),
(865, 'shamsleyo0', 'iashfordo0@vistaprint.com', '5IVu0pw', 3),
(866, 'sperkinsono1', 'fescalerao1@desdev.cn', 'ODP7kKfA', 3),
(867, 'agatcho2', 'bheikkineno2@mozilla.org', 'VUdTwtcgVAl', 3),
(868, 'thulleso3', 'jtomblesono3@tumblr.com', 'hsfv20vlnP', 3),
(869, 'cgristono4', 'mgoodsono4@sourceforge.net', 'CKLhSAJpP9vV', 3),
(870, 'rwisamo5', 'jverneo5@cam.ac.uk', 'J012vvXx', 3),
(871, 'wsycamoreo6', 'bseggieo6@godaddy.com', 'mfOwOs2', 3),
(872, 'jkearleyo7', 'gblofeldo7@360.cn', 'aXXBLiDo7GdX', 3),
(873, 'mpleveyo8', 'rpickavero8@businesswire.com', '4KH98esE9bH6', 3),
(874, 'btunnacliffeo9', 'mpickrillo9@digg.com', 'V34F3s9ZdWWA', 3),
(875, 'scaddiesoa', 'dburfootoa@ask.com', 'iAQaGiDcTkuK', 3),
(876, 'dmccorkellob', 'tyardob@about.com', 'qFaYW3', 3),
(877, 'cgodfreeoc', 'irowsonoc@acquirethisname.com', 'ieirbGu', 3),
(878, 'vbuttonod', 'nedneyod@nymag.com', 'xW076l', 3),
(879, 'ajeckellsoe', 'jskoulingoe@delicious.com', 'DclXwx2l', 3),
(880, 'mrobicof', 'sdowdaof@altervista.org', 'g4uq68', 3),
(881, 'danneyog', 'tdulakeog@usgs.gov', 'mzHRxYxmQS', 3),
(882, 'gslocumboh', 'dmcdermottrowoh@github.io', 'EZPQqAbXXa', 3),
(883, 'ikearsleyoi', 'kgoodlattoi@deviantart.com', 'bj4MEIauzjpx', 3),
(884, 'bdrohanoj', 'bskeermeroj@photobucket.com', 'zREbe9YK9', 3),
(885, 'cgilpinok', 'gdelacoteok@liveinternet.ru', 'ZijqgHXae7kp', 3),
(886, 'bhemmsol', 'cvinsenol@acquirethisname.com', 'xu1mdDew', 3),
(887, 'mcrumlyom', 'hkiplingom@drupal.org', 'CmwL1yq', 3),
(888, 'belcockon', 'sramon@mit.edu', 'a58YMpRiWI', 3),
(889, 'sconachieoo', 'dwalkingtonoo@furl.net', 'vaoGXIUSfDb', 3),
(890, 'cgrieswoodop', 'swannop@domainmarket.com', 'fR8l7YPDC', 3),
(891, 'lmcfadinoq', 'nahreniusoq@barnesandnoble.com', 'XRT9VXvtMnJ', 3),
(892, 'gmccoleor', 'rfoxenor@sina.com.cn', 'BXqSZvye7', 3),
(893, 'kwodhamos', 'fmcgahyos@nsw.gov.au', 'kEHWvnotp', 3),
(894, 'jwardot', 'udmitrichenkoot@amazon.co.uk', 'jJBOLkNV', 3),
(895, 'jdonnisonou', 'lmclaganou@reddit.com', 'By3ikcn', 3),
(896, 'cmartignoniov', 'mneilandov@ebay.com', 'XN2VgV', 3),
(897, 'bblaberow', 'cstockneyow@multiply.com', '1ArJ3I', 3),
(898, 'dbastableox', 'tshearnox@senate.gov', 'GDO0EPydK', 3),
(899, 'cacarsonoy', 'tlicciardooy@adobe.com', 'NzvfDt0Y7', 3),
(900, 'mmuckleyoz', 'maguirrezabaloz@blog.com', '56JmnqD', 3),
(901, 'ebrandelp0', 'fmoritp0@about.me', 'S6wmPU2sRPqU', 3),
(902, 'amatskivp1', 'bjenkingp1@economist.com', 'cAbJsf', 3),
(903, 'cswancottp2', 'csharplep2@mozilla.com', 'o9mPoY', 3),
(904, 'rjustp3', 'edreakinp3@hugedomains.com', 'LaLK0U8ki', 3),
(905, 'rhalladayp4', 'kjefferyp4@tumblr.com', 'uAeMhl3aBD', 3),
(906, 'dgranleesep5', 'grubinsohnp5@cornell.edu', 'dv9RuXDs', 3),
(907, 'glittefairp6', 'hleggatep6@xinhuanet.com', 'fHhSfnM8W3Dn', 3),
(908, 'daldersp7', 'ckoppesp7@fc2.com', 'yU6gUSdIUxm', 3),
(909, 'ecallinghamp8', 'ccanlandp8@cbslocal.com', '1acaK3Ao', 3),
(910, 'jtwellsp9', 'npostillp9@aol.com', '7mlrDnD5', 3),
(911, 'larnoldspa', 'cparispa@deviantart.com', 'ARqSFni', 3),
(912, 'sveropb', 'mdewsburypb@a8.net', 'jpu0efxX', 3),
(913, 'dcucinottapc', 'fcurlispc@bloglines.com', '71uZkz', 3),
(914, 'dlouthpd', 'cpenhaleurackpd@europa.eu', 'BZcYBX', 3),
(915, 'mdennerlype', 'qbaconpe@ucoz.com', 'GmvlnzVwG', 3),
(916, 'dmattinsonpf', 'tgerreypf@microsoft.com', 'iFAWQN', 3),
(917, 'lharviepg', 'mknightlypg@kickstarter.com', 'V4Z2EyEi3', 3),
(918, 'wmarishenkoph', 'mkunathph@amazon.co.jp', '7yrVglex', 3),
(919, 'cmunehaypi', 'elenihanpi@fc2.com', 'L6QReVutCcAk', 3),
(920, 'sbundypj', 'tvossepj@webnode.com', 'oWHHHT8Pz', 3),
(921, 'rtarquiniopk', 'coxherdpk@npr.org', '7cEcR7C', 3),
(922, 'katchesonpl', 'kcandwellpl@huffingtonpost.com', 'oZbk3aNs2bR5', 3),
(923, 'estauntonpm', 'scasteroupm@delicious.com', 'yRZ9wrWe8t', 3),
(924, 'csleemanpn', 'cswinburnepn@google.cn', 'tHiQGi', 3),
(925, 'cclipshampo', 'lchappellepo@mediafire.com', 'SmFhT4e', 3),
(926, 'breesepp', 'jscotlandpp@toplist.cz', '2OqAgFi', 3),
(927, 'fjobpq', 'etravisspq@wordpress.org', 'Aprx7kSa4qk', 3),
(928, 'adailepr', 'tmarwoodpr@ed.gov', '8KbMyh', 3),
(929, 'otilneps', 'ltuttiettps@yale.edu', 'pKtXtFKYA', 3),
(930, 'ltremellingpt', 'rbondept@cam.ac.uk', 'dUraMicrq1', 3),
(931, 'graypu', 'mduranpu@foxnews.com', 'k5IWU0DvO', 3),
(932, 'kfennessypv', 'sdenmanpv@google.ru', 'yY0sz6o9YA6', 3),
(933, 'rjenkingpw', 'adisneypw@comcast.net', 'TtfMST', 3),
(934, 'dsandisonpx', 'jketchenpx@samsung.com', 'iVis6BWMzlQ', 3),
(935, 'gprobackpy', 'mhauxleypy@biblegateway.com', 'mBQM8FdZqo', 3),
(936, 'sfearickpz', 'jbowrypz@blog.com', '3OdH8G7Ppdf', 3),
(937, 'mzuckerq0', 'mschwandenq0@canalblog.com', 'fhgRZLj0', 3),
(938, 'eripleyq1', 'awebsterq1@ovh.net', 'Ug6rXdyUy', 3),
(939, 'gshawyersq2', 'acrasfordq2@ameblo.jp', 'JYB2An', 3),
(940, 'ebresnenq3', 'npoundsfordq3@unc.edu', 'wEM7FSXJU', 3),
(941, 'ecoltartq4', 'wlaxonq4@bigcartel.com', 'GEn7mk', 3),
(942, 'sayrsq5', 'cmcgreilq5@last.fm', '3dF9CjC8', 3),
(943, 'tvasilevichq6', 'lpetrovskyq6@ow.ly', 'YZnX6RXYRr', 3),
(944, 'halcoranq7', 'nfowleq7@storify.com', 'Z0OmLFqZKMg', 3),
(945, 'mandragq8', 'agossageq8@cisco.com', 'X5gVC3qLAXw1', 3),
(946, 'gpedersenq9', 'fdemicoliq9@macromedia.com', 'Ii7vWPe', 3),
(947, 'boxladeqa', 'ndeackesqa@ocn.ne.jp', 'Jy01xul', 3),
(948, 'lsiselandqb', 'cwhittakerqb@moonfruit.com', 'hkrLlf7F', 3),
(949, 'djelksqc', 'skobierzyckiqc@howstuffworks.com', 'hKXwkmo', 3),
(950, 'lbriskerqd', 'ceglinqd@joomla.org', 'SZsUDyhL', 3),
(951, 'amalenfantqe', 'cchandlerqe@vistaprint.com', 'mvlJsrmOr', 3),
(952, 'hcockshottqf', 'ebendelowqf@census.gov', '9NAl682grj', 3),
(953, 'ckirckmanqg', 'lbenjefieldqg@digg.com', 'gKyzj5oE', 3),
(954, 'gescalaqh', 'lbarbourqh@google.es', '5raPxR3', 3),
(955, 'dsparhawkqi', 'rjepensenqi@google.com.br', 'JKgYZvNtH', 3),
(956, 'slowersqj', 'ngorhamqj@wikimedia.org', 'PzUYxCxl', 3),
(957, 'lamortsqk', 'swiddallqk@multiply.com', '4HhZxfd9s', 3),
(958, 'sraoql', 'ekingabyql@nhs.uk', '30TyzkB3m', 3),
(959, 'ljanuszewiczqm', 'ooreaganqm@businessinsider.com', 'peeCpfuz', 3),
(960, 'etarttqn', 'sbillingqn@slate.com', '7Jn8GAiji', 3),
(961, 'mmaccostyeqo', 'mswadlinqo@shutterfly.com', 'VF4SaQmx', 3),
(962, 'csparryqp', 'sernshawqp@bluehost.com', 'eTht7ciPckm', 3),
(963, 'temsonqq', 'hsherredqq@ibm.com', '2spSQx', 3),
(964, 'mglasardqr', 'asloegraveqr@yale.edu', 'N5zkcioru0', 3),
(965, 'jlightwingqs', 'mturbefieldqs@topsy.com', 'ORVrlx', 3),
(966, 'dwordesworthqt', 'shyamsqt@about.com', 'daK7or', 3),
(967, 'dleavesqu', 'dpaskinsqu@umn.edu', 'mD8zA5j', 3),
(968, 'mnayerqv', 'abreezeqv@elegantthemes.com', 'HLmLd5', 3),
(969, 'schilversqw', 'hgotmannqw@wiley.com', '7qVq3W1rg1s', 3),
(970, 'asannesqx', 'wharropqx@digg.com', 'WzSmEy9dIeF', 3),
(971, 'koconnelqy', 'aholtawayqy@tripod.com', 'xygNupm', 3),
(972, 'adakinqz', 'aabelqz@tripadvisor.com', 'XOzAzot', 3),
(973, 'jsumpnerr0', 'tbarrasser0@ezinearticles.com', 'czH2ah', 3),
(974, 'aoxburyr1', 'mtedmanr1@addtoany.com', 'myOrCxnC', 3),
(975, 'ffranzelr2', 'rcalowr2@xrea.com', 'RM2g3uh', 3),
(976, 'adyersr3', 'gvickorsr3@ehow.com', 'IlbHJ3Qvy', 3),
(977, 'colderr4', 'cdibartolommeor4@vk.com', '6D2bPKdTs3', 3),
(978, 'dbottonerr5', 'cosipovr5@quantcast.com', 'lDHggRwI3', 3),
(979, 'froadknightr6', 'bpaxefordr6@smh.com.au', 'NF5Kd7S', 3),
(980, 'kgooser7', 'mknealr7@cnet.com', 'Ow6qfGDYw9tf', 3),
(981, 'mcherringtonr8', 'aivashnikovr8@cisco.com', 'JpZB4JcbtWja', 3),
(982, 'dowenr9', 'mkellingtonr9@digg.com', 'g14TN9uYp9d', 3),
(983, 'mmantlera', 'yblasiora@newsvine.com', 'f7VU31jnzY', 3),
(984, 'hsumnallrb', 'adengelrb@sun.com', 'dwASeA44TPb', 3),
(985, 'epopescurc', 'iranfieldrc@army.mil', 'eljAEosj6', 3),
(986, 'myarkerrd', 'ttierd@i2i.jp', 'tb0QOcpB', 3),
(987, 'lbeauchampre', 'cdymickre@sitemeter.com', '4E7dHvSf66', 3),
(988, 'jleafrf', 'mreadierf@163.com', '5xjNqwVU', 3),
(989, 'jreastrg', 'estonesrg@gnu.org', 'J7d0dal', 3),
(990, 'kgunningrh', 'bboribalrh@ehow.com', 'kJ2A0It', 3),
(991, 'jmouattri', 'jrobertsenri@nba.com', 'uEicIsJ9U', 3),
(992, 'emohanrj', 'mrandlerj@bloglines.com', 'owgJuk', 3),
(993, 'josgarbyrk', 'pdrohanrk@msn.com', 'PU64wIfT', 3),
(994, 'gthornhillrl', 'cmantonrl@princeton.edu', 'HXsYPcjb', 3),
(995, 'rsommerlingrm', 'psalsbergrm@de.vu', 'q09C3YI4Flb', 3),
(996, 'mknappenrn', 'avilern@biblegateway.com', 'j0Br7ti8YsU', 3),
(997, 'cjarmanro', 'lschoularro@nsw.gov.au', 'XJ1g4Z1Xrzm', 3),
(998, 'ktunnahrp', 'jzimarp@live.com', 'XhV9PfL5', 3),
(999, 'lbarrsrq', 'ssoamerq@jalbum.net', 'TIvXaBe', 3),
(1000, 'ooshaughnessyrr', 'cmaherrr@yahoo.com', '7UI9oN', 3),
(1003, 'admin', 'admin@admin.com', 'admin', 1),
(1004, 'pemilik', 'pemilik@pemilik.com', 'pemilik', 2),
(1005, 'pegawai', 'pegawai@pegawai.com', 'pegawai', NULL),
(1006, 'naruto', 'naruto@naruto', 'naruto', 3);

-- --------------------------------------------------------

--
-- Struktur dari tabel `user_type`
--

CREATE TABLE `user_type` (
  `id` int(11) NOT NULL,
  `name` varchar(126) NOT NULL
) ENGINE=InnoDB DEFAULT CHARSET=utf8mb4 COLLATE=utf8mb4_general_ci;

--
-- Dumping data untuk tabel `user_type`
--

INSERT INTO `user_type` (`id`, `name`) VALUES
(1, 'admin'),
(2, 'pemilik'),
(3, 'pegawai');

--
-- Indexes for dumped tables
--

--
-- Indeks untuk tabel `barang`
--
ALTER TABLE `barang`
  ADD PRIMARY KEY (`id`);

--
-- Indeks untuk tabel `users`
--
ALTER TABLE `users`
  ADD PRIMARY KEY (`id`),
  ADD KEY `role` (`role`);

--
-- Indeks untuk tabel `user_type`
--
ALTER TABLE `user_type`
  ADD PRIMARY KEY (`id`);

--
-- AUTO_INCREMENT untuk tabel yang dibuang
--

--
-- AUTO_INCREMENT untuk tabel `barang`
--
ALTER TABLE `barang`
  MODIFY `id` int(11) NOT NULL AUTO_INCREMENT, AUTO_INCREMENT=17;

--
-- AUTO_INCREMENT untuk tabel `users`
--
ALTER TABLE `users`
  MODIFY `id` int(99) NOT NULL AUTO_INCREMENT, AUTO_INCREMENT=1007;

--
-- AUTO_INCREMENT untuk tabel `user_type`
--
ALTER TABLE `user_type`
  MODIFY `id` int(11) NOT NULL AUTO_INCREMENT, AUTO_INCREMENT=4;

--
-- Ketidakleluasaan untuk tabel pelimpahan (Dumped Tables)
--

--
-- Ketidakleluasaan untuk tabel `users`
--
ALTER TABLE `users`
  ADD CONSTRAINT `users_ibfk_1` FOREIGN KEY (`role`) REFERENCES `user_type` (`id`);
COMMIT;

/*!40101 SET CHARACTER_SET_CLIENT=@OLD_CHARACTER_SET_CLIENT */;
/*!40101 SET CHARACTER_SET_RESULTS=@OLD_CHARACTER_SET_RESULTS */;
/*!40101 SET COLLATION_CONNECTION=@OLD_COLLATION_CONNECTION */;
